CustomerID,Recency,Frequency,Monetary
12346,325,1,77183.6
12747,2,10,658.89
12748,0,196,3739.2299999999996
12749,3,5,98.35
12820,3,4,58.2
12821,214,1,19.92
12822,70,2,30.799999999999997
12823,74,5,1759.5
12824,59,1,5.04
12826,2,7,122.8
12827,5,3,84.21000000000001
12828,2,6,154.8
12829,336,2,95.80000000000001
12830,37,6,1789.92
12831,262,1,34.199999999999996
12832,32,2,19.9
12833,145,1,15.0
12834,282,1,15.9
12836,59,4,29.05
12837,173,1,17.0
12838,33,1,5.9
12839,2,13,216.21
12840,143,4,138.6
12841,4,23,316.69
12842,70,2,22.8
12843,65,8,123.19999999999999
12844,29,2,8.7
12845,267,4,284.79999999999995
12847,22,1,1.17
12849,31,2,44.699999999999996
12851,96,1,4.16
12852,294,1,17.4
12853,134,6,202.2
12854,78,3,158.29999999999998
12856,7,6,44.58
12857,210,2,53.400000000000006
12863,52,1,340.0
12864,138,1,17.4
12867,26,7,53.74
12868,185,5,94.25
12871,84,2,178.2
12872,326,2,50.0
12873,282,1,68.0
12875,143,2,343.2300000000001
12877,3,12,365.78999999999996
12878,236,2,45.0
12879,44,3,192.72
12881,275,1,195.0
12882,9,2,283.2
12883,24,4,71.85
12884,88,1,170.0
12885,63,3,43.4
12886,67,2,33.5
12888,214,2,106.56
12890,24,1,10.5
12891,185,3,331.0
12893,30,1,3.75
12895,42,2,34.8
12897,204,2,116.0
12901,8,28,9230.449999999999
12902,264,1,17.700000000000003
12904,18,2,11.899999999999999
12906,11,5,206.76
12908,176,2,750.0
12909,39,5,125.88
12910,23,8,362.76000000000005
12912,2,5,365.34000000000003
12913,4,4,206.76000000000005
12915,148,1,23.4
12916,138,4,186.79999999999998
12917,128,1,297.0
12919,8,6,267.40000000000003
12920,17,1,7.95
12921,9,35,989.6100000000002
12922,161,1,13.2
12923,64,1,12.48
12924,88,4,166.62000000000003
12925,4,2,25.5
12928,35,5,127.03999999999999
12929,311,1,17.0
12930,78,2,25.2
12931,21,15,4188.9800000000005
12933,24,3,58.300000000000004
12935,2,7,106.03
12936,17,4,164.14000000000001
12937,15,4,37.95
12938,25,1,9.48
12939,64,8,1820.96
12940,54,2,25.3
12942,131,3,41.25
12944,35,2,39.699999999999996
12945,288,1,25.5
12947,143,5,229.1
12948,16,7,207.9
12949,30,8,113.96000000000001
12950,2,3,143.4
12951,8,6,101.04
12952,5,4,71.31
12953,9,1,35.400000000000006
12955,1,11,279.93999999999994
12956,306,1,3.75
12957,9,8,129.66
12962,7,2,37.650000000000006
12963,8,8,185.14999999999998
12965,89,1,8.25
12966,9,1,15.0
12967,358,1,67.5
12968,112,1,15.0
12970,7,4,25.05
12971,3,83,3891.759999999999
12974,197,1,15.9
12976,211,1,19.8
12977,156,1,8.5
12980,157,9,3065.3400000000006
12981,29,2,54.48
12982,242,1,10.4
12984,18,1,30.0
12985,0,2,49.2
12987,73,2,37.2
12988,292,1,4.25
12989,3,15,3346.4100000000003
12990,31,3,120.89999999999999
12991,23,2,65.0
12993,23,4,64.15
12994,4,3,61.2
12995,85,1,38.160000000000004
12997,22,4,98.28
12999,196,3,107.03999999999999
13000,106,3,107.07000000000001
13001,4,13,898.37
13002,318,1,15.0
13003,105,3,98.5
13004,11,18,260.2
13005,173,2,37.3
13006,56,1,31.8
13008,323,1,15.0
13012,9,8,145.47
13013,1,11,237.79999999999998
13014,10,10,454.9
13015,53,5,113.7
13016,73,3,64.56
13017,7,1,204.0
13018,16,28,552.3799999999999
13021,4,9,232.3
13023,64,2,47.7
13026,1,5,244.55999999999997
13027,113,6,1632.0
13028,22,2,29.279999999999998
13029,30,3,1131.0
13030,11,1,1.65
13032,52,2,19.0
13033,357,1,19.5
13034,54,1,19.799999999999997
13035,73,2,117.0
13037,138,3,38.400000000000006
13038,80,3,219.00000000000003
13040,8,2,21.84
13043,273,1,59.8
13044,291,1,12.600000000000001
13045,99,1,17.4
13046,30,2,39.71
13047,31,7,106.10000000000001
13048,14,4,47.5
13049,64,2,106.19999999999999
13050,14,16,297.97
13052,212,1,23.85
13055,78,3,43.08
13058,24,3,172.8
13059,249,1,17.700000000000003
13060,253,1,35.400000000000006
13061,72,1,9.959999999999999
13062,191,1,60.48
13064,12,4,85.65
13066,24,2,30.200000000000003
13067,82,1,7.95
13068,10,2,344.0
13069,0,22,308.16
13070,192,1,20.8
13072,266,1,15.0
13075,129,1,47.2
13077,1,3,12.65
13078,3,25,1246.18
13079,4,5,202.39999999999998
13080,179,1,3.3600000000000003
13081,11,9,138.74
13082,126,9,247.8
13083,4,2,51.0
13085,157,2,77.0
13089,2,94,4823.410000000002
13090,8,13,737.4399999999999
13091,28,1,17.700000000000003
13092,70,5,84.1
13093,275,7,592.9
13094,21,11,811.0200000000002
13095,70,1,9.36
13097,32,10,271.91
13098,1,28,1789.0000000000002
13099,99,1,207.35999999999999
13101,234,1,9.95
13102,1,24,792.3399999999999
13103,39,1,51.0
13104,3,6,434.64000000000004
13106,133,1,76.5
13107,44,4,162.96
13109,59,2,25.5
13110,31,7,87.79
13113,0,23,2616.6
13115,11,4,57.6
13116,138,1,25.5
13117,21,7,101.36
13118,19,5,140.68
13120,238,1,30.599999999999998
13121,269,1,7.6499999999999995
13122,94,2,48.56999999999999
13124,89,3,52.5
13126,4,6,107.27
13127,77,1,34.68
13130,94,1,39.0
13131,23,3,46.4
13132,261,1,15.299999999999999
13133,273,2,29.75
13134,85,4,125.03999999999999
13135,196,1,3096.0
13136,56,5,115.30000000000001
13137,10,8,31.84
13138,22,5,78.22000000000001
13139,16,7,330.34000000000003
13140,108,2,33.9
13141,84,5,84.7
13142,19,1,20.16
13144,332,1,63.75
13145,39,3,282.6
13146,26,1,10.08
13147,10,4,712.8000000000001
13148,29,12,226.1
13149,14,4,87.24000000000001
13151,295,1,20.4
13153,5,1,6.24
13155,33,3,70.4
13157,49,4,50.54
13158,94,4,80.1
13159,8,4,40.160000000000004
13160,22,1,15.0
13161,313,1,27.0
13162,122,4,32.07
13165,46,2,80.16
13166,283,1,2.5
13167,18,4,98.58
13168,36,4,34.849999999999994
13169,63,2,39.300000000000004
13170,26,1,6.75
13171,21,3,33.16
13173,4,1,4.95
13174,16,2,16.2
13176,46,1,0.85
13177,64,1,17.700000000000003
13178,26,11,361.98
13182,45,1,10.5
13183,7,9,175.90000000000003
13184,14,10,72.19999999999999
13185,267,1,71.4
13186,39,3,80.28
13187,337,1,1.25
13188,11,1,99.60000000000001
13189,18,2,19.0
13192,95,2,41.1
13193,61,1,2.9
13194,135,1,34.0
13196,11,4,73.65
13198,10,6,109.50000000000001
13199,3,37,3456.280000000001
13200,19,4,117.45000000000002
13203,9,4,56.879999999999995
13207,15,2,42.120000000000005
13208,58,6,55.419999999999995
13209,30,8,263.01
13210,93,1,25.5
13211,10,3,223.2
13212,19,3,15.1
13213,56,5,136.42000000000002
13216,267,1,69.12
13217,122,3,294.94
13218,127,1,15.0
13220,78,4,344.1
13221,240,2,20.3
13223,200,2,115.80000000000001
13224,60,2,19.32
13225,3,7,1696.5
13226,273,1,9.95
13227,201,1,67.5
13228,81,1,179.0
13229,225,1,15.0
13230,4,14,53.160000000000004
13232,12,7,75.3
13233,74,2,60.839999999999996
13235,212,1,19.799999999999997
13236,24,2,52.18
13238,17,4,159.7
13239,261,1,18.96
13240,96,4,42.85
13242,112,3,62.400000000000006
13243,203,1,5.1
13244,92,1,4.95
13245,50,1,24.900000000000002
13246,18,6,246.42999999999998
13247,17,4,119.55000000000001
13248,124,2,33.36
13249,92,3,302.03999999999996
13253,156,2,42.36
13255,9,1,16.6
13256,14,1,0.0
13258,11,3,25.34
13259,61,1,8.5
13260,61,1,19.92
13261,268,2,234.0
13262,263,1,6.959999999999999
13263,1,35,190.73000000000005
13265,53,5,166.48000000000002
13266,11,12,388.22
13267,2,18,324.86
13268,17,11,83.0
13269,1,14,271.79
13271,37,1,0.39
13272,31,2,36.660000000000004
13273,113,1,24.900000000000002
13276,63,2,58.2
13277,15,4,149.0
13278,40,1,10.5
13279,78,1,9.36
13280,122,3,47.75
13282,18,3,139.20000000000002
13283,59,2,29.3
13284,330,1,25.5
13285,23,4,57.400000000000006
13291,155,1,12.450000000000001
13292,38,2,65.1
13294,189,2,42.0
13295,359,1,19.799999999999997
13296,137,1,15.0
13297,7,4,164.34
13298,1,1,90.0
13299,268,1,29.700000000000003
13300,169,1,23.0
13301,103,4,65.52
13302,155,1,63.75
13304,351,1,12.600000000000001
13305,4,9,204.49
13307,120,1,15.0
13308,22,3,54.36
13309,7,5,79.64
13310,28,3,39.42
13311,4,2,34.54
13313,22,5,67.78
13314,1,3,36.98
13316,37,4,408.93
13317,66,6,136.0
13318,1,3,197.88
13319,5,26,638.79
13320,78,4,47.3
13321,72,2,259.04
13322,17,1,8.3
13323,3,5,424.8
13324,36,10,1048.2
13325,81,1,16.5
13327,38,8,437.3
13328,316,1,19.799999999999997
13329,31,1,64.19999999999999
13330,92,3,56.28
13332,14,1,17.0
13334,82,3,47.8
13336,77,1,15.299999999999999
13338,157,1,10.2
13339,200,1,17.4
13340,45,7,830.08
13341,260,1,87.6
13343,177,1,19.8
13344,67,3,79.64
13345,287,1,17.700000000000003
13347,70,1,39.599999999999994
13348,64,1,10.2
13349,10,1,15.600000000000001
13350,16,2,77.1
13351,66,1,50.0
13352,60,1,10.5
13354,71,1,10.5
13355,122,1,17.700000000000003
13356,80,1,17.4
13357,257,1,9.9
13358,268,1,17.9
13359,63,1,50.0
13362,9,4,84.3
13363,17,2,34.5
13364,71,1,24.96
13365,33,2,66.0
13366,50,1,56.160000000000004
13368,256,2,45.480000000000004
13369,365,1,40.0
13372,89,1,9.95
13373,60,3,54.6
13375,88,1,16.5
13376,99,3,65.69999999999999
13379,26,3,12.24
13381,31,6,141.72
13382,280,1,15.0
13384,30,7,186.20000000000002
13385,329,1,17.700000000000003
13388,131,2,26.1
13389,11,3,35.16
13390,74,1,15.0
13391,203,1,59.8
13394,1,8,147.03
13395,185,1,1.92
13396,29,2,63.06
13397,72,5,368.45
13398,192,1,9.959999999999999
13402,127,1,17.0
13403,17,1,15.0
13404,1,2,32.34
13405,74,3,66.0
13408,1,60,4468.219999999999
13410,24,5,212.60000000000002
13411,107,1,18.75
13414,133,3,454.65000000000003
13416,43,2,97.7
13417,4,2,41.2
13418,11,16,348.69
13419,63,1,10.5
13420,149,2,34.2
13421,40,2,37.05
13422,64,1,13.200000000000001
13425,108,3,41.7
13426,0,10,330.36
13427,19,3,44.22
13428,10,1,0.65
13429,10,4,69.4
13430,18,2,55.56
13431,67,2,53.8
13434,74,2,187.08
13435,5,7,224.32
13436,1,1,11.7
13437,14,7,106.76
13439,255,1,6.5
13441,91,1,12.600000000000001
13447,23,3,34.3
13448,16,4,50.25
13449,23,1,20.4
13450,26,6,113.76
13451,26,5,37.349999999999994
13452,259,2,590.0
13453,165,2,43.7
13455,24,1,19.799999999999997
13456,17,6,350.4000000000001
13458,7,14,423.76
13460,29,2,22.98
13461,38,3,156.1
13462,252,1,19.8
13464,58,1,10.5
13466,184,1,17.700000000000003
13467,10,2,18.56
13468,1,34,820.0699999999998
13470,99,2,33.0
13471,1,4,71.9
13473,60,2,32.879999999999995
13474,236,1,1.7
13475,191,4,78.18
13476,178,2,38.7
13477,37,6,120.32
13479,200,2,50.4
13481,45,5,82.15
13482,232,1,17.4
13483,65,1,10.08
13484,241,1,67.5
13485,233,1,12.5
13486,78,3,40.62
13487,57,3,53.099999999999994
13488,17,12,216.33
13489,105,4,259.20000000000005
13491,51,9,136.53000000000003
13494,311,1,20.16
13495,7,4,108.17999999999999
13496,10,2,32.0
13497,282,1,24.75
13499,17,5,183.94
13500,23,3,45.55
13502,16,3,39.12
13503,71,1,10.5
13504,64,1,14.850000000000001
13506,316,1,16.8
13507,3,4,79.05
13508,243,1,15.9
13509,8,7,223.9
13510,1,4,48.28
13512,260,1,17.85
13513,126,1,9.899999999999999
13514,73,1,39.900000000000006
13515,72,4,80.34
13516,21,3,230.34
13517,59,3,54.599999999999994
13518,85,1,19.799999999999997
13519,78,1,11.9
13521,1,3,11.16
13522,30,1,17.700000000000003
13523,33,4,86.68
13524,40,5,175.20000000000002
13525,14,2,464.0
13527,33,7,133.51
13529,78,2,33.2
13531,205,1,41.6
13532,33,1,2.08
13533,182,3,11.75
13534,2,25,535.73
13536,1,7,144.57999999999998
13538,43,7,309.6
13539,85,3,46.900000000000006
13544,39,2,10.7
13546,12,3,31.45
13548,96,2,11.049999999999999
13549,25,7,138.2
13551,319,1,17.85
13552,66,12,282.27000000000004
13555,73,4,166.9
13557,28,2,49.8
13558,5,4,17.7
13560,7,1,2.95
13561,215,1,2.08
13562,81,3,53.650000000000006
13563,84,2,94.35
13564,144,2,553.59
13565,19,2,11.0
13566,40,2,5.5
13568,173,1,8.3
13569,17,1,4.949999999999999
13570,243,1,3.9
13571,12,12,100.29
13572,205,1,17.700000000000003
13573,50,2,41.67
13575,23,5,99.61
13576,10,17,1726.6499999999996
13577,25,4,86.4
13579,14,1,47.7
13581,309,1,7.95
13583,155,1,9.0
13584,306,1,9.95
13587,63,1,23.4
13588,15,9,101.00999999999999
13589,14,2,39.95
13590,11,6,359.74
13591,64,3,57.120000000000005
13592,35,4,79.07
13593,108,5,60.8
13594,52,1,9.9
13596,5,2,21.78
13598,47,1,1.25
13599,1,19,515.1100000000001
13600,312,1,4.95
13601,45,2,19.45
13602,64,1,16.5
13603,26,1,6.24
13606,29,3,52.19
13607,40,1,23.4
13610,12,7,62.790000000000006
13611,89,3,70.2
13614,24,4,50.040000000000006
13615,318,1,23.25
13617,40,3,23.65
13618,173,1,6.959999999999999
13621,116,1,4.0
13623,30,5,53.14
13626,252,1,17.4
13627,59,5,84.47999999999999
13629,23,11,1958.85
13630,5,7,414.8
13631,99,11,3070.42
13632,24,5,72.87
13634,33,5,27.04
13635,67,1,17.4
13636,36,5,105.35
13637,52,3,17.849999999999998
13638,15,1,10.5
13639,74,1,23.4
13642,215,1,4.25
13643,31,3,39.5
13644,16,4,83.34
13645,120,1,19.9
13647,9,4,78.26
13649,256,1,15.299999999999999
13650,16,6,88.34
13651,35,2,28.5
13652,45,2,42.04
13654,43,6,159.2
13655,114,2,45.8
13656,164,2,12.75
13657,10,2,22.8
13658,9,5,130.88000000000002
13659,205,2,75.55
13662,85,3,67.8
13663,179,1,16.5
13666,60,3,39.8
13667,149,1,4.16
13668,2,21,325.20000000000005
13669,50,2,17.55
13670,75,1,16.5
13672,301,2,81.0
13673,18,2,31.2
13675,151,2,54.96
13678,151,1,4.8
13680,1,4,131.85
13681,17,4,55.61
13682,187,1,25.5
13684,285,1,3.0
13685,2,7,1781.62
13686,182,1,8.5
13689,63,1,179.0
13690,59,1,10.2
13692,24,3,74.9
13694,3,49,7307.060000000002
13695,31,15,530.63
13697,38,1,15.0
13699,155,1,17.700000000000003
13700,26,10,238.83
13703,318,1,99.5
13704,5,9,176.68
13705,7,2,39.9
13706,302,1,7.800000000000001
13707,267,2,25.2
13708,271,1,4.949999999999999
13709,3,13,433.26000000000005
13710,31,1,19.799999999999997
13711,218,2,55.400000000000006
13712,246,1,15.0
13715,281,4,39.089999999999996
13716,269,1,7.5
13717,32,6,60.99
13718,246,2,38.099999999999994
13719,15,5,83.25000000000001
13720,116,4,144.5
13721,36,1,9.48
13722,131,3,78.63
13723,217,1,47.2
13725,49,8,251.2
13726,38,2,26.52
13727,28,2,29.85
13728,36,6,89.24
13730,135,2,37.8
13731,219,2,34.5
13732,28,1,14.22
13735,24,4,58.50000000000001
13736,5,2,10.690000000000001
13737,200,1,73.94999999999999
13739,18,1,41.7
13740,240,1,5.04
13741,71,3,81.85
13742,16,12,249.2
13743,2,7,187.2
13744,95,2,22.68
13745,162,1,9.0
13748,95,4,51.41
13750,53,5,923.61
13751,288,1,165.0
13752,124,6,203.55
13753,287,1,15.0
13754,151,2,30.6
13755,3,9,103.18000000000002
13756,2,13,575.72
13758,11,5,240.9
13759,33,2,116.4
13760,54,2,7.99
13761,50,2,28.4
13762,218,1,104.39999999999999
13763,63,1,162.72
13764,70,3,37.34
13767,2,34,1598.3200000000002
13769,2,9,256.67999999999995
13771,64,4,190.7
13772,33,3,67.4
13774,81,1,19.8
13777,0,24,3376.3499999999995
13778,103,1,8.25
13780,7,2,7.15
13781,250,1,4.25
13782,12,6,47.97
13784,9,11,949.32
13787,75,2,29.5
13790,4,1,4.5600000000000005
13791,127,2,469.0
13792,66,2,35.550000000000004
13798,1,56,7786.26
13799,116,2,60.9
13800,309,1,30.0
13801,66,1,9.95
13802,138,3,206.8
13803,255,1,17.700000000000003
13804,30,7,147.99
13805,52,2,205.48000000000002
13806,63,1,65.4
13808,5,5,181.98
13819,301,3,54.2
13821,144,2,31.740000000000002
13822,5,2,12.09
13823,18,2,50.5
13824,32,5,313.0
13826,176,1,21.9
13827,57,3,11.1
13828,22,1,14.850000000000001
13831,16,5,365.9
13832,19,1,17.4
13833,159,1,15.9
13835,25,4,81.45
13837,211,2,18.75
13838,5,3,8.65
13841,252,1,85.0
13842,58,8,142.16000000000003
13844,11,1,20.8
13845,64,1,19.799999999999997
13846,24,3,46.95
13848,92,2,800.0
13849,51,2,32.7
13850,129,1,17.4
13851,95,3,39.7
13853,57,1,118.44
13854,8,25,3147.08
13856,168,3,177.0
13858,57,1,12.600000000000001
13859,326,1,3.75
13860,1,5,97.74000000000001
13862,18,8,121.38
13863,247,1,11.9
13865,58,4,72.2
13866,74,1,27.04
13867,31,3,45.9
13868,7,2,2700.0
13869,123,4,38.1
13870,2,8,170.20000000000002
13871,22,13,280.61000000000007
13873,119,3,61.6
13874,358,1,17.85
13875,53,5,106.96000000000001
13876,63,1,15.0
13877,86,1,69.6
13878,54,1,60.0
13880,21,12,320.48999999999995
13881,3,20,2949.2000000000003
13882,2,5,87.75
13883,10,5,76.9
13884,7,5,79.2
13885,189,2,23.4
13886,71,1,10.2
13887,204,1,9.959999999999999
13888,119,2,20.200000000000003
13889,92,1,25.0
13890,1,10,148.31
13892,26,4,171.84
13893,297,1,15.9
13894,23,3,71.7
13895,28,4,82.45000000000002
13897,50,1,15.0
13898,325,1,10.2
13899,16,2,68.4
13900,183,3,37.019999999999996
13901,72,5,126.91
13904,37,2,32.34
13908,79,4,77.33
13911,57,9,200.12
13914,11,2,25.62
13917,49,2,17.28
13918,49,2,99.72
13922,351,1,17.700000000000003
13923,53,1,5.04
13924,1,6,74.72
13925,92,4,85.9
13926,23,1,35.400000000000006
13927,74,1,16.6
13928,10,4,80.20000000000002
13929,169,2,459.2
13930,57,2,35.6
13931,95,2,274.5
13932,294,1,17.0
13933,109,2,40.050000000000004
13934,263,1,19.799999999999997
13936,179,1,3.4799999999999995
13937,169,1,30.599999999999998
13938,35,1,13.28
13939,23,3,63.00000000000001
13940,17,4,82.2
13941,21,4,375.48
13946,79,3,238.01999999999998
13947,65,1,13.5
13948,360,1,46.8
13949,2,6,129.93
13950,11,4,133.68
13951,176,3,50.099999999999994
13952,217,2,54.0
13953,7,7,3019.8
13954,1,2,38.4
13955,154,2,55.95
13956,5,5,16.2
13959,79,3,58.25
13960,21,2,35.400000000000006
13962,21,2,35.5
13963,308,3,99.3
13967,145,1,35.7
13969,7,18,451.6799999999999
13971,18,8,148.25
13972,70,2,24.659999999999997
13973,287,1,15.0
13974,49,1,15.0
13975,31,6,101.24000000000001
13976,206,1,69.36
13978,14,2,78.36000000000001
13979,73,1,20.8
13980,60,1,22.5
13982,39,4,117.5
13983,29,11,782.79
13984,26,4,649.3800000000001
13985,4,15,309.86
13986,17,1,35.400000000000006
13988,19,6,135.18
13989,65,2,39.6
13990,213,1,23.4
13991,12,6,61.940000000000005
13992,30,1,20.0
13993,42,9,330.0
13994,3,6,134.4
13995,15,5,82.5
13999,10,12,322.01
14000,211,1,61.199999999999996
14001,45,2,45.4
14002,134,2,17.88
14004,43,7,152.04999999999998
14005,9,5,265.8
14006,115,3,110.52000000000001
14009,198,2,45.3
14012,277,1,37.2
14013,110,3,36.78
14014,77,1,15.0
14015,52,1,108.48
14019,46,3,44.849999999999994
14020,16,2,49.8
14021,155,3,98.8
14022,225,1,10.5
14023,7,2,32.4
14024,121,2,35.650000000000006
14027,60,1,17.4
14029,63,2,130.2
14030,18,6,64.0
14031,7,18,3758.34
14032,2,10,561.78
14034,22,3,30.130000000000003
14035,28,5,241.5
14036,284,1,25.200000000000003
14037,176,2,25.650000000000002
14038,78,3,62.400000000000006
14039,33,1,69.6
14040,40,12,321.49
14041,266,1,0.58
14044,26,4,28.099999999999998
14045,109,3,895.3499999999999
14046,284,1,19.080000000000002
14047,8,4,127.9
14048,305,1,3.3
14049,16,4,105.25
14050,31,2,35.28
14051,0,22,1712.2
14052,19,1,2.08
14053,124,2,218.5
14054,65,1,16.5
14055,106,1,23.9
14056,1,23,278.96999999999997
14057,23,17,785.5000000000001
14059,266,1,23.4
14060,4,17,684.28
14062,9,12,1200.8200000000002
14064,29,5,36.2
14066,266,1,17.700000000000003
14067,63,2,28.0
14068,320,1,29.5
14071,3,8,100.59000000000002
14073,32,1,10.2
14075,4,3,120.66
14076,129,1,16.95
14077,40,5,66.85
14078,101,5,321.84
14079,124,1,15.0
14080,32,1,10.2
14081,302,1,5.95
14082,364,1,2.1
14083,4,8,61.05000000000001
14085,2,17,176.48
14087,2,1,2.16
14088,10,13,1376.38
14089,56,1,16.5
14090,324,1,76.32000000000001
14092,7,14,313.23
14093,12,1,1.95
14096,4,17,144.29000000000002
14098,36,1,8.25
14099,16,11,208.94
14100,137,1,7.95
14101,73,6,1682.1999999999998
14102,5,5,193.35
14104,154,2,89.16
14105,239,1,25.5
14107,51,7,184.92
14108,30,2,17.880000000000003
14109,72,1,15.0
14110,3,12,1773.74
14111,14,4,332.1
14112,22,7,171.0
14113,3,4,340.8
14114,273,2,107.39999999999999
14116,19,5,82.77
14117,143,1,30.0
14121,3,4,87.41999999999999
14124,84,1,90.0
14125,10,3,47.28
14126,7,3,142.7
14127,122,3,23.84
14128,60,2,14.399999999999999
14129,1,5,93.39999999999999
14130,319,1,15.0
14132,2,11,283.63999999999993
14133,129,3,53.519999999999996
14135,1,13,772.7500000000001
14138,1,2,27.42
14139,46,1,9.36
14140,3,2,39.0
14141,2,4,134.25
14143,133,1,17.0
14145,46,4,1425.6
14146,8,5,77.75999999999999
14147,78,2,217.6
14148,233,1,127.5
14149,220,1,17.700000000000003
14150,35,2,127.20000000000002
14152,75,2,18.46
14154,239,2,43.2
14155,266,1,17.85
14157,19,2,24.75
14158,40,1,4.5600000000000005
14159,19,11,75.64
14161,215,2,32.339999999999996
14162,173,2,33.45
14163,87,4,178.3
14164,70,2,423.25
14165,275,1,5.9
14167,39,4,52.45
14171,98,1,8.5
14173,10,4,51.629999999999995
14174,33,1,5.78
14175,59,3,53.3
14176,297,3,78.30000000000001
14177,86,4,174.55
14178,8,7,47.52
14179,40,2,3.9000000000000004
14180,10,24,640.8199999999999
14184,66,1,33.0
14185,331,1,12.75
14188,30,6,101.7
14189,2,14,200.25
14191,1,13,291.91
14193,67,2,37.8
14194,4,21,503.78000000000003
14195,201,2,336.6
14196,106,1,30.0
14198,18,4,75.65
14199,218,1,175.2
14201,60,7,205.85999999999999
14204,2,1,2.08
14205,16,2,41.1
14206,239,1,23.4
14208,94,1,10.5
14209,10,6,120.7
14210,105,5,90.80000000000001
14211,53,9,233.88
14212,89,1,237.60000000000002
14214,30,5,78.89999999999999
14215,11,5,94.60000000000001
14216,3,4,200.06
14217,1,16,474.2799999999999
14218,42,1,4.5600000000000005
14219,4,1,16.5
14220,247,2,62.050000000000004
14221,42,9,196.79999999999998
14222,177,1,10.5
14223,92,3,46.699999999999996
14224,110,4,54.25
14226,28,5,164.85
14227,26,10,204.69
14229,51,3,191.0
14231,183,3,105.4
14232,42,5,97.74000000000001
14233,49,4,364.40000000000003
14234,22,4,46.980000000000004
14235,75,5,349.99999999999994
14236,80,1,13.200000000000001
14238,326,1,22.5
14239,43,11,202.17
14240,30,2,29.759999999999998
14241,183,1,17.700000000000003
14242,234,2,40.5
14243,8,10,256.68
14245,219,2,28.5
14246,110,3,62.25000000000001
14247,278,1,9.95
14248,318,1,15.0
14250,7,3,54.150000000000006
14251,1,5,358.19999999999993
14256,260,2,23.72
14257,64,5,157.77
14258,9,9,1072.6999999999998
14259,141,1,33.0
14261,50,2,36.3
14262,8,8,303.12
14264,154,2,55.2
14267,162,3,45.480000000000004
14270,331,1,23.8
14271,225,1,7.800000000000001
14272,73,2,35.5
14273,51,4,83.2
14276,98,3,66.1
14280,196,1,14.850000000000001
14282,3,14,321.34000000000003
14284,30,2,37.85
14285,21,4,222.20000000000005
14286,23,3,43.2
14287,8,3,59.78
14288,213,1,35.400000000000006
14289,8,6,133.32
14290,11,5,70.78
14291,1,11,212.83
14292,7,9,403.62
14293,3,3,63.599999999999994
14295,40,1,15.0
14297,17,4,109.25
14298,8,44,2386.5700000000006
14299,8,9,323.4
14300,18,1,16.5
14301,117,1,60.0
14304,222,1,30.0
14305,71,3,35.6
14306,51,2,237.68
14307,88,5,80.03999999999999
14309,8,9,228.00000000000003
14311,242,1,10.2
14312,46,6,96.52000000000001
14314,106,1,4.8
14315,44,6,138.57999999999998
14317,64,1,16.5
14320,206,2,20.04
14321,10,5,117.84
14323,114,2,35.7
14326,242,1,60.0
14327,163,1,39.599999999999994
14329,17,7,184.05
14331,124,2,32.85
14332,22,3,204.84
14333,67,1,50.0
14334,16,8,114.95
14336,16,4,74.4
14338,161,2,25.950000000000003
14339,242,1,17.4
14340,218,1,27.0
14341,45,8,142.05
14342,21,4,223.2
14344,127,6,78.15
14345,38,1,15.0
14346,120,2,22.5
14348,260,1,91.80000000000001
14349,10,1,1.95
14350,274,1,19.8
14351,164,1,51.0
14352,157,4,148.0
14353,215,1,3.9000000000000004
14354,5,2,56.4
14355,365,1,17.700000000000003
14356,79,2,35.4
14357,43,1,7.5
14359,19,3,40.4
14360,31,4,71.1
14362,22,1,4.25
14364,108,8,562.06
14367,8,16,538.9499999999999
14368,319,1,17.0
14371,295,1,19.8
14373,358,1,25.5
14375,185,1,2.95
14377,191,2,195.14999999999998
14379,44,2,35.85
14381,52,1,2.6
14382,26,1,10.5
14383,38,3,83.8
14385,9,3,51.15
14386,296,1,31.8
14387,32,3,42.0
14388,10,7,111.27
14389,65,2,49.6
14390,10,8,142.14
14393,218,1,17.25
14395,2,8,68.4
14396,65,1,4.2
14397,2,19,719.72
14400,149,1,15.0
14401,4,13,352.02000000000004
14403,130,4,278.1
14404,33,5,139.17000000000002
14406,119,1,20.8
14407,107,6,471.85
14408,10,7,180.8
14409,71,4,68.6
14410,92,9,134.08
14411,310,1,91.80000000000001
14412,42,2,47.1
14413,362,1,0.95
14414,91,7,82.24000000000001
14415,1,13,168.28000000000003
14416,22,2,39.5
14418,3,3,39.54
14419,10,6,29.5
14420,99,1,19.799999999999997
14421,57,2,37.199999999999996
14422,0,6,156.1
14423,218,1,163.2
14424,17,1,322.08
14426,23,10,282.02000000000004
14427,50,2,46.64
14428,7,5,114.33
14431,302,1,30.599999999999998
14432,9,6,71.52
14434,21,6,649.2
14436,98,1,12.5
14437,365,1,15.0
14438,306,1,7.5
14440,8,5,152.12
14441,0,4,90.20000000000002
14443,53,3,42.17999999999999
14446,0,4,30.2
14447,18,5,94.5
14448,9,2,38.7
14449,18,3,9.41
14450,180,3,27.4
14451,60,2,18.299999999999997
14452,10,2,8.25
14453,190,1,5.75
14456,5,9,50.39999999999999
14457,310,1,45.0
14459,155,1,76.5
14460,110,3,109.19999999999999
14461,148,3,49.5
14462,66,11,122.46
14463,98,3,229.79999999999998
14465,246,3,27.490000000000002
14466,29,6,218.85
14467,17,4,24.25
14470,11,2,18.15
14472,103,8,57.410000000000004
14473,74,2,123.16
14474,46,1,11.7
14475,71,3,42.36000000000001
14476,257,1,5.9
14477,19,4,564.6
14479,253,2,32.45
14480,11,1,20.28
14481,164,2,35.4
14482,18,6,55.879999999999995
14483,281,1,8.850000000000001
14484,50,1,20.4
14485,38,1,1.65
14487,26,5,37.9
14488,67,1,30.0
14489,207,1,29.88
14491,175,1,19.799999999999997
14493,7,5,141.54000000000002
14494,25,1,17.4
14495,50,2,41.6
14496,311,1,22.5
14497,309,1,15.6
14498,42,5,52.94
14499,26,3,20.099999999999998
14500,88,3,84.75
14501,183,2,44.74
14502,19,11,241.51999999999998
14503,3,6,291.0
14504,47,4,27.67
14505,17,8,65.54
14506,17,4,65.85
14507,23,6,345.15000000000003
14508,22,2,10.74
14511,11,5,94.50000000000001
14512,187,2,24.15
14513,100,3,194.89000000000001
14514,61,3,78.75
14515,17,6,85.03
14517,33,2,63.0
14518,64,1,0.95
14520,1,2,175.2
14522,24,4,288.84000000000003
14523,108,1,12.5
14524,31,9,164.26000000000002
14525,19,9,96.13
14527,2,54,583.5099999999999
14528,37,1,4.35
14529,60,3,3.37
14530,25,6,154.25
14532,236,4,62.599999999999994
14533,24,7,216.72
14534,2,18,267.09999999999997
14535,60,3,38.4
14536,259,1,0.85
14537,57,1,49.800000000000004
14538,64,2,50.7
14539,15,2,34.8
14540,9,3,38.95
14541,58,8,153.81
14542,185,1,17.0
14543,28,16,928.5499999999998
14544,24,2,35.199999999999996
14546,5,5,69.96000000000001
14547,3,8,90.34
14548,150,2,326.4
14549,311,1,8.25
14550,10,2,20.78
14551,18,2,27.64
14552,151,1,3.38
14553,19,5,38.650000000000006
14554,10,4,111.92000000000002
14555,57,2,38.8
14557,85,1,69.6
14560,7,22,888.7799999999999
14561,75,3,34.2
14562,3,18,295.92
14565,95,4,67.25999999999999
14567,56,2,94.80000000000001
14569,1,1,1.95
14570,280,2,6.75
14572,3,7,98.0
14573,179,8,42.150000000000006
14577,12,4,31.7
14578,3,1,28.080000000000002
14581,16,1,15.600000000000001
14582,40,1,19.9
14583,5,5,18.770000000000003
14584,169,4,31.5
14585,50,1,1.66
14586,276,1,15.0
14587,18,9,68.95000000000002
14591,15,4,124.25999999999999
14592,35,3,7.54
14593,21,3,9.290000000000001
14594,7,1,0.85
14595,19,6,89.94
14597,11,2,37.71
14598,44,1,1.7
14600,305,1,15.0
14601,10,1,90.0
14603,274,1,150.0
14606,1,90,1012.6200000000002
14607,15,14,5754.18
14608,4,4,532.0
14609,72,4,601.5600000000001
14616,242,3,406.08000000000004
14618,9,3,109.8
14619,245,1,19.9
14620,205,2,18.18
14621,1,5,143.6
14622,184,1,20.8
14623,32,5,32.31
14624,57,2,35.1
14625,196,2,30.5
14626,23,4,65.88
14628,91,2,54.6
14629,4,2,19.45
14631,50,3,114.30000000000001
14632,262,1,15.9
14633,266,1,15.8
14636,36,2,62.46
14638,50,1,57.800000000000004
14639,52,6,125.08999999999999
14640,24,6,188.91000000000003
14641,21,1,39.599999999999994
14642,58,1,19.8
14643,170,2,30.759999999999998
14644,67,2,107.34000000000002
14645,156,2,39.099999999999994
14647,201,1,9.9
14649,4,4,52.75
14651,67,2,9.39
14652,77,1,4.25
14653,1,7,82.91999999999999
14655,8,4,81.55000000000001
14656,169,2,22.7
14657,17,4,33.52
14658,5,2,3.74
14659,8,9,119.48
14660,86,2,8.64
14661,26,1,0.85
14662,28,4,12.65
14664,19,2,22.4
14665,60,5,198.39999999999998
14666,24,1,6.6
14667,10,24,395.17
14669,241,3,27.35
14670,280,2,13.9
14672,234,2,17.55
14673,3,4,141.6
14675,16,1,1.65
14676,31,6,492.6
14680,25,15,2111.2599999999998
14681,71,3,120.0
14682,187,2,52.0
14684,25,5,11.48
14687,106,1,10.2
14688,7,20,779.2299999999999
14689,208,1,7.95
14690,44,2,19.5
14691,30,5,180.89999999999998
14692,137,4,37.050000000000004
14693,264,1,4.25
14696,4,6,97.12
14697,218,2,22.63
14698,1,5,35.4
14699,214,1,12.600000000000001
14700,32,3,22.45
14701,10,9,170.28999999999996
14702,1,17,164.12000000000003
14703,14,1,16.5
14704,11,9,72.94999999999999
14705,198,1,179.0
14708,2,2,141.89999999999998
14709,15,13,265.1
14710,14,4,44.559999999999995
14711,10,11,389.54999999999995
14712,29,3,164.65
14713,9,11,228.07
14714,24,1,9.899999999999999
14715,24,4,104.8
14716,43,2,7.19
14719,1,5,54.65
14720,5,3,45.75
14722,147,1,7.95
14723,10,4,19.0
14725,24,1,12.5
14727,274,1,50.849999999999994
14730,1,8,41.949999999999996
14731,47,3,46.2
14732,8,8,150.84
14733,16,11,464.6600000000001
14735,3,32,1309.56
14737,3,3,318.0
14738,42,7,167.89999999999998
14739,4,6,432.9
14740,197,3,42.239999999999995
14741,11,5,219.10000000000002
14744,16,6,67.38
14745,112,5,145.60000000000002
14747,249,1,33.9
14748,29,3,45.47999999999999
14752,43,1,208.79999999999998
14753,87,1,17.85
14754,44,2,31.5
14755,9,11,280.39
14756,15,1,20.8
14757,75,1,34.5
14758,144,4,83.32
14759,4,3,54.25
14760,297,1,10.2
14761,58,2,56.699999999999996
14762,263,1,15.0
14764,46,1,67.2
14765,29,3,36.95
14766,8,5,108.03
14768,17,2,94.80000000000001
14769,2,8,131.46
14770,232,2,25.5
14772,112,1,17.4
14775,58,2,39.599999999999994
14776,51,11,226.37999999999997
14778,127,2,60.0
14779,280,3,54.95
14780,54,2,35.02
14782,319,1,90.0
14784,26,2,80.51
14785,10,2,67.92
14788,7,2,37.5
14789,28,1,28.44
14790,16,4,121.42
14792,63,1,1.95
14793,21,1,15.0
14794,2,7,148.45
14795,166,1,31.8
14796,1,16,167.28000000000003
14798,52,3,40.2
14799,51,1,5.76
14800,47,11,76.94
14801,61,1,0.72
14803,162,3,181.54999999999998
14804,8,1,53.1
14805,15,4,102.69999999999999
14806,75,1,10.5
14808,39,8,202.45999999999998
14810,40,10,133.20000000000002
14815,36,2,42.36
14816,197,1,9.95
14817,200,2,21.25
14818,73,3,17.5
14819,64,2,37.77
14820,21,4,81.69999999999999
14823,180,3,19.45
14824,10,4,267.20000000000005
14825,3,11,237.56999999999996
14828,196,3,496.94000000000005
14829,29,3,52.0
14830,53,1,2.08
14834,17,6,340.58
14836,10,3,41.4
14837,89,4,58.51
14840,267,1,15.0
14841,53,6,207.93000000000004
14842,43,4,81.7
14844,63,4,99.20000000000002
14847,148,1,25.0
14849,21,22,412.2099999999999
14850,311,1,2.1
14851,23,2,73.2
14852,58,6,122.0
14853,24,2,195.0
14854,78,7,200.7
14855,119,2,50.39999999999999
14856,36,3,46.5
14857,59,2,45.3
14859,12,4,69.24
14860,19,1,13.52
14861,52,1,39.6
14862,25,2,38.68
14863,29,1,34.68
14865,7,1,15.0
14866,10,11,1157.9700000000003
14867,185,3,39.92
14868,3,8,152.8
14869,8,2,32.4
14870,261,1,14.850000000000001
14871,3,4,41.84
14873,210,1,25.5
14875,107,2,77.10000000000001
14878,12,9,263.75
14880,77,3,45.3
14881,19,1,15.0
14882,26,2,128.4
14883,18,6,58.480000000000004
14885,131,1,20.4
14886,252,1,39.8
14887,79,1,72.0
14888,207,1,16.5
14889,336,1,10.2
14890,253,1,10.2
14891,148,2,43.5
14893,9,2,24.96
14894,85,1,40.8
14895,7,20,630.6400000000001
14896,204,2,28.650000000000002
14897,7,4,79.56
14898,23,5,145.21
14901,11,7,113.26
14902,25,1,16.5
14903,21,5,61.0
14904,2,2,37.44
14905,157,2,121.19999999999999
14907,3,6,156.72000000000003
14908,74,1,9.9
14910,2,4,58.480000000000004
14913,35,4,34.02
14915,91,2,57.480000000000004
14916,70,4,30.72
14918,115,2,85.80000000000001
14920,212,2,34.2
14921,30,2,55.080000000000005
14923,50,1,19.8
14924,245,1,47.400000000000006
14929,32,1,17.4
14944,29,12,491.95000000000005
14946,14,1,33.2
14947,72,2,70.32
14948,23,6,118.92000000000002
14950,19,1,17.0
14951,79,1,1.92
14952,59,11,871.38
14953,25,1,3.3
14954,12,1,4.25
14957,253,1,5.0
14958,147,3,47.9
14959,64,4,53.75
14960,8,2,84.0
14961,10,9,297.24999999999994
14962,270,1,14.850000000000001
14963,9,5,41.3
14964,247,1,12.75
14965,96,2,77.08
14966,14,1,2.5
14967,49,1,15.0
14968,30,1,1.66
14970,68,4,175.58
14971,35,3,35.849999999999994
14972,128,1,12.75
14973,107,3,74.7
14974,37,1,4.95
14975,57,1,11.7
14976,57,7,67.0
14978,72,5,75.15
14981,246,1,16.5
14984,19,2,7.53
14985,198,2,8.85
14987,15,2,163.2
14988,211,1,1.66
14995,38,2,12.45
14997,46,3,43.08
14998,170,2,7.85
15000,47,1,13.9
15002,115,3,60.900000000000006
15004,147,1,3.3
15005,15,27,158.32999999999998
15006,51,1,5.9
15007,159,1,15.0
15009,12,3,66.02
15010,35,1,22.5
15012,53,1,2.95
15014,43,2,39.45
15016,172,1,7.95
15017,33,1,3.75
15018,38,2,16.450000000000003
15019,266,1,0.85
15021,8,8,31.060000000000002
15022,11,4,59.95
15023,3,10,116.51
15024,9,8,93.25
15025,33,1,5.95
15026,80,3,22.2
15027,30,4,198.89999999999998
15028,8,3,52.5
15030,71,2,125.4
15031,4,4,7.479999999999999
15032,256,1,16.5
15033,4,10,76.29
15034,15,8,145.2
15035,89,1,3.75
15036,72,3,28.270000000000003
15038,58,5,33.040000000000006
15039,9,46,1197.2700000000002
15041,170,1,4.15
15042,199,1,76.5
15043,31,1,179.0
15044,19,17,238.83
15045,151,2,95.28000000000002
15046,9,15,429.42999999999995
15047,269,1,12.600000000000001
15048,65,3,17.38
15049,273,1,1.7
15050,25,3,118.86
15051,23,3,12.71
15052,319,1,5.1
15053,4,3,30.9
15054,12,2,18.39
15057,275,2,329.09999999999997
15058,25,11,136.6
15059,40,9,80.77
15060,8,4,22.279999999999998
15061,3,41,5475.0
15062,71,4,68.5
15063,213,1,30.599999999999998
15065,37,4,70.2
15066,53,1,18.75
15067,78,3,72.9
15068,46,2,18.5
15069,179,1,12.75
15071,93,2,155.8
15073,9,3,102.67999999999999
15074,105,1,34.68
15075,77,1,33.2
15076,172,1,21.9
15078,7,30,643.8500000000001
15079,212,4,186.5
15081,22,4,68.2
15083,256,1,34.8
15087,281,1,24.96
15088,21,2,54.150000000000006
15089,10,6,111.11000000000001
15090,308,1,16.5
15091,67,1,34.0
15092,215,2,54.15
15093,18,5,495.78
15095,103,4,85.2
15096,42,1,17.85
15097,4,1,5.1
15098,182,3,39916.5
15099,84,1,14.75
15100,333,1,175.2
15101,8,2,71.28
15103,31,2,40.739999999999995
15104,196,2,56.4
15105,18,7,164.76
15106,17,5,82.89
15107,311,5,97.25
15109,245,1,15.0
15110,23,4,104.45
15111,29,2,64.6
15113,9,3,324.25
15114,30,10,185.71999999999997
15115,18,1,10.2
15116,17,4,177.8
15117,14,5,213.95
15118,134,1,244.8
15119,245,1,33.9
15120,133,1,39.6
15121,50,2,34.650000000000006
15122,114,3,47.599999999999994
15123,7,2,30.9
15124,22,2,21.72
15125,25,15,1753.04
15127,65,1,24.75
15128,60,4,88.4
15129,50,11,1046.4
15130,169,1,15.0
15132,18,5,113.50000000000001
15133,127,3,96.56
15134,14,8,187.58
15135,239,1,19.5
15136,2,4,72.83000000000001
15139,239,2,22.560000000000002
15140,52,7,161.16
15142,46,1,15.0
15143,225,1,19.799999999999997
15144,8,17,499.6
15145,4,4,54.36
15146,164,2,39.599999999999994
15147,240,1,15.0
15148,10,1,20.1
15149,133,1,17.0
15150,17,10,211.31
15152,9,13,213.33999999999997
15153,31,1,12.48
15154,75,1,2.95
15156,1,3,75.1
15157,3,3,53.839999999999996
15158,45,1,122.04
15159,1,30,878.2500000000001
15160,357,1,106.2
15163,18,2,86.3
15164,68,3,32.92
15167,320,1,2.1
15168,25,1,47.7
15171,331,1,127.49999999999999
15172,8,5,67.25999999999999
15174,322,1,15.6
15175,71,1,17.4
15178,260,1,19.5
15179,18,5,214.83
15181,66,3,120.6
15182,154,2,36.6
15184,29,2,17.85
15185,70,1,15.600000000000001
15186,14,2,61.300000000000004
15187,1,16,1976.4799999999998
15189,1,41,3785.35
15192,119,3,84.89999999999999
15193,60,1,70.8
15194,3,14,257.4
15195,2,1,3861.0
15197,10,3,478.20000000000005
15198,92,2,33.32
15199,59,4,487.15
15201,87,5,203.98000000000002
15203,25,6,64.38
15204,357,1,16.5
15205,85,2,22.650000000000002
15206,10,4,157.79999999999998
15208,1,5,165.3
15210,225,1,14.75
15211,60,2,33.0
15212,241,1,11.6
15213,318,2,23.549999999999997
15214,1,8,127.36000000000001
15215,46,3,81.30000000000001
15216,87,1,63.6
15218,10,11,578.8000000000001
15219,176,1,79.80000000000001
15220,51,6,124.65
15222,318,1,145.0
15223,225,2,80.7
15224,358,2,48.449999999999996
15225,234,1,15.0
15226,310,1,25.5
15227,36,5,72.48
15228,66,4,146.1
15230,239,2,94.80000000000001
15232,113,2,34.0
15234,276,1,15.0
15235,217,10,155.1
15236,298,1,17.4
15237,1,4,62.72
15238,29,3,42.24
15239,10,2,44.88
15240,44,5,137.88
15241,66,8,175.01999999999998
15243,74,1,12.48
15244,65,2,39.599999999999994
15245,134,3,80.0
15246,238,2,27.900000000000002
15247,122,1,81.6
15249,31,13,326.51
15251,9,11,1192.9
15252,36,2,34.8
15253,16,5,109.45
15254,127,1,16.8
15255,66,1,17.700000000000003
15256,148,1,16.5
15257,283,1,33.9
15258,168,2,33.5
15260,100,5,98.9
15261,135,1,4.5600000000000005
15262,323,1,17.0
15263,106,1,17.4
15264,64,1,29.700000000000003
15265,151,2,32.55
15266,338,1,39.8
15267,22,5,641.76
15269,23,1,118.80000000000001
15270,15,7,516.5
15271,7,15,200.29
15272,57,2,42.599999999999994
15274,4,2,34.8
15275,37,1,9.95
15276,66,1,1.25
15277,46,1,19.8
15279,354,1,8.4
15280,172,1,0.72
15281,58,9,208.92000000000002
15286,49,1,59.400000000000006
15287,22,2,162.0
15288,43,5,121.35
15289,29,3,45.24
15290,4,18,572.7
15291,25,14,916.49
15292,201,1,3.3
15296,50,6,94.95
15297,10,3,52.25
15298,2,11,1273.5200000000002
15299,67,4,2672.0
15300,64,1,15.0
15301,50,11,878.5000000000001
15303,290,1,12.75
15304,60,7,253.14999999999998
15306,64,3,127.2
15307,95,1,22.5
15308,274,1,19.9
15311,0,88,4609.229999999999
15312,75,4,56.8
15313,110,1,52.0
15314,199,1,5.04
15315,64,2,33.0
15316,326,1,165.0
15318,3,1,9.0
15319,283,1,11.9
15320,44,1,2.95
15321,70,3,117.9
15322,85,1,8.5
15325,103,1,1.25
15326,333,1,13.200000000000001
15327,52,1,38.25
15329,39,3,40.35
15330,32,2,163.2
15333,208,1,22.5
15334,156,3,21.54
15335,53,1,2.55
15339,66,2,16.15
15341,80,1,102.0
15342,129,1,15.299999999999999
15343,87,1,25.5
15344,0,3,64.8
15345,45,1,25.5
15346,332,1,17.85
15348,72,1,15.0
15349,158,2,18.4
15351,12,6,72.32
15353,254,1,21.9
15355,29,2,35.7
15356,31,9,36.45
15358,4,22,388.0999999999999
15360,39,1,29.700000000000003
15361,361,1,10.2
15364,95,2,104.75999999999999
15365,25,7,296.40000000000003
15366,75,2,45.0
15367,57,4,71.6
15368,21,1,16.5
15370,40,7,283.6
15372,137,1,88.80000000000001
15373,8,11,305.3
15374,128,1,91.8
15376,40,3,40.199999999999996
15379,169,7,170.2
15380,8,5,634.2
15381,213,2,349.95000000000005
15382,14,6,136.26000000000002
15384,169,2,30.15
15385,40,1,12.48
15386,186,1,23.400000000000002
15389,172,1,500.0
15392,4,4,94.96
15393,16,2,35.1
15394,9,4,103.0
15395,325,1,17.0
15396,112,1,68.0
15397,289,1,14.850000000000001
15398,16,2,52.2
15399,1,3,46.5
15400,92,5,331.9
15402,148,2,64.2
15405,189,1,61.199999999999996
15406,31,2,23.35
15407,33,4,31.529999999999998
15408,264,1,4.95
15410,84,8,219.97000000000003
15411,26,4,46.99999999999999
15412,171,1,102.0
15414,9,3,74.75999999999999
15415,313,1,15.0
15416,64,4,66.99
15417,85,1,15.6
15419,24,1,10.08
15421,58,4,77.8
15422,323,2,34.7
15423,38,1,36.0
15424,254,2,48.72
15426,19,4,23.29
15427,33,3,39.9
15428,15,1,17.700000000000003
15429,26,2,15.899999999999999
15432,23,1,12.600000000000001
15433,213,2,23.46
15434,8,5,81.82
15435,22,1,4.95
15436,12,3,16.0
15437,262,1,3.3
15438,131,1,11.8
15440,54,3,12.05
15442,248,1,297.0
15443,1,7,71.7
15444,9,2,19.17
15445,264,1,20.4
15447,330,1,10.2
15448,312,1,19.9
15449,26,3,57.2
15450,30,1,15.0
15452,29,3,50.35000000000001
15453,1,7,43.85
15454,362,1,4.95
15456,283,3,11.95
15457,262,1,1.25
15458,25,1,18.72
15460,354,1,1.25
15462,94,3,54.599999999999994
15463,29,1,6.84
15464,338,1,39.95
15465,19,17,3385.7499999999995
15466,85,1,5.1
15467,9,3,47.7
15468,51,2,39.699999999999996
15469,50,2,51.300000000000004
15471,2,1,3.75
15472,113,1,2.08
15473,14,7,1081.2
15475,77,1,17.85
15478,40,2,62.400000000000006
15482,15,12,1782.58
15483,161,4,10.64
15484,1,4,177.36
15485,30,2,15.54
15488,92,1,15.0
15489,22,3,87.0
15491,95,6,181.20000000000002
15492,28,2,20.04
15493,32,5,27.63
15494,21,2,4.2299999999999995
15497,17,2,120.0
15498,2,25,1041.53
15500,8,4,48.690000000000005
15502,15,9,3777.9300000000003
15503,362,1,0.42
15504,81,1,7.5
15505,52,5,135.14
15506,22,3,10.9
15507,171,1,7.95
15508,189,6,52.01
15510,330,1,250.0
15511,11,5,25.37
15512,155,2,43.199999999999996
15513,33,18,975.31
15514,12,11,332.65000000000003
15516,44,3,16.28
15517,233,1,7.56
15518,64,8,79.51
15520,1,1,10.2
15521,40,8,224.35
15522,32,2,2.64
15523,84,1,232.50000000000003
15524,24,1,440.0
15525,2,2,17.9
15526,33,2,139.29999999999998
15527,18,8,123.78
15528,254,1,3.75
15529,22,10,122.25999999999999
15530,21,4,36.94
15531,8,2,27.35
15532,25,4,19.85
15533,19,3,59.7
15535,173,4,43.3
15537,163,1,1.25
15539,7,1,6.25
15540,11,1,19.5
15541,114,1,2.08
15543,288,1,2.55
15544,9,8,105.47000000000001
15545,54,1,1.25
15547,7,14,134.12000000000003
15549,77,3,39.1
15550,4,4,29.06
15551,36,1,19.9
15552,217,1,5.9
15553,60,1,2.5
15554,277,1,15.9
15555,12,15,167.16
15556,24,1,11.6
15557,28,1,35.7
15561,11,4,240.6
15562,351,1,134.55
15563,22,4,117.75
15565,50,2,33.0
15567,18,1,99.84
15568,2,3,25.909999999999997
15569,103,5,827.7599999999999
15570,7,11,149.09000000000003
15571,11,4,49.21
15572,4,7,83.69
15573,31,2,8.16
15574,177,3,25.7
15576,37,1,90.0
15577,151,3,28.65
15578,162,1,7.95
15579,68,2,7.49
15581,120,12,2743.25
15582,24,3,47.550000000000004
15584,23,4,28.68
15585,176,1,15.9
15587,50,4,364.32000000000005
15589,255,3,62.699999999999996
15592,46,1,12.48
15593,70,1,15.0
15594,15,5,84.17
15596,100,5,67.89999999999999
15597,35,1,17.85
15598,53,1,15.0
15599,26,2,46.839999999999996
15601,11,13,320.93999999999994
15602,8,8,287.24
15603,78,1,34.56
15604,52,1,14.850000000000001
15605,36,4,60.95
15606,61,9,376.22
15607,336,1,4.5600000000000005
15608,28,4,155.78
15609,184,1,19.8
15610,51,1,15.0
15611,9,13,730.82
15612,36,2,32.0
15615,10,23,522.94
15618,32,4,79.65
15619,10,1,145.0
15620,56,3,51.15
15621,4,4,335.57
15622,43,9,196.54000000000005
15623,141,1,17.700000000000003
15624,116,4,73.05000000000001
15625,103,4,70.2
15626,74,2,25.32
15628,4,8,137.8
15630,45,2,59.4
15632,15,8,194.45999999999998
15634,17,1,17.700000000000003
15636,89,2,50.400000000000006
15637,52,1,14.850000000000001
15639,134,1,39.8
15640,4,14,476.29
15641,105,4,49.71
15643,191,3,114.4
15644,166,4,12.600000000000001
15645,18,1,0.42
15646,157,2,37.6
15648,204,2,35.25
15649,336,1,306.0
15651,36,3,78.03999999999999
15652,91,1,30.0
15653,92,2,432.11999999999995
15654,9,2,40.26
15655,243,1,15.9
15656,45,4,68.61
15657,22,1,30.0
15658,190,4,49.5
15659,43,1,15.0
15660,25,9,192.94
15661,317,2,122.6
15663,106,1,14.040000000000001
15664,50,1,15.0
15665,168,2,43.800000000000004
15667,39,1,9.36
15668,217,1,76.32000000000001
15669,40,4,148.32
15670,296,1,17.700000000000003
15671,18,7,487.44
15673,88,4,66.0
15674,73,5,402.67
15675,81,3,49.2
15676,18,3,29.2
15677,49,1,15.0
15678,52,1,22.5
15679,24,4,41.760000000000005
15680,9,2,32.3
15681,25,5,123.06
15683,117,1,20.8
15687,8,9,176.9
15689,119,2,45.0
15690,4,2,51.48
15691,252,1,45.0
15692,28,1,6.959999999999999
15694,0,13,1607.24
15695,266,2,55.95
15696,33,8,147.45
15699,17,1,12.5
15700,172,2,16.4
15701,2,4,41.9
15703,264,1,23.4
15704,140,4,91.8
15705,201,1,60.0
15706,63,4,157.8
15707,35,4,21.75
15708,40,6,90.32
15709,283,1,38.160000000000004
15712,9,5,258.66
15713,143,1,15.0
15714,11,2,30.240000000000002
15716,145,3,15.92
15717,234,1,35.400000000000006
15719,32,13,115.36000000000003
15720,24,1,3.75
15721,11,1,0.85
15722,35,5,148.9
15723,364,1,1.25
15724,201,2,44.7
15725,15,1,33.0
15727,16,7,125.50000000000001
15729,212,1,15.0
15730,65,3,43.5
15732,212,1,16.5
15733,282,1,19.799999999999997
15734,114,2,61.5
15737,14,8,170.70000000000002
15738,18,15,304.92
15739,66,1,23.8
15740,49,1,9.36
15743,16,4,37.35
15744,77,1,13.919999999999998
15745,19,4,117.75
15746,134,1,18.75
15747,12,3,23.599999999999998
15748,40,1,5.8
15749,235,3,12868.5
15750,2,6,56.379999999999995
15752,39,6,55.89
15753,304,1,79.2
15754,51,3,49.74
15755,10,6,107.88
15756,61,4,10.01
15757,65,2,50.7
15758,24,1,29.700000000000003
15759,218,3,123.2
15762,65,2,39.84
15763,31,2,29.85
15764,88,6,86.69999999999999
15766,64,1,25.5
15768,115,3,46.349999999999994
15769,7,25,11660.84
15773,5,1,7.08
15774,68,1,13.9
15775,245,1,15.0
15776,133,1,7.4399999999999995
15777,241,4,448.65
15780,183,3,62.85
15781,25,3,63.150000000000006
15782,9,3,291.4
15783,10,1,15.7
15785,32,5,78.36
15786,46,3,68.5
15787,26,3,28.05
15789,358,1,15.6
15790,10,1,5.9
15791,43,2,49.8
15793,14,3,372.72
15795,149,1,6.959999999999999
15796,1,8,171.7
15797,113,4,957.0
15799,75,3,21.9
15800,107,2,15.18
15801,46,3,55.7
15802,142,1,451.42
15803,51,1,17.0
15804,0,13,183.16
15805,23,17,346.91
15806,46,3,36.93
15807,50,3,77.4
15808,306,3,109.05000000000001
15809,36,5,83.19999999999999
15810,78,4,48.89000000000001
15811,22,6,118.16999999999999
15812,107,5,590.25
15813,207,2,40.35
15814,16,4,92.66
15815,63,5,376.1
15819,49,4,66.44
15820,319,1,1.25
15821,44,2,4.8
15822,3,2,35.85
15825,172,1,25.5
15826,56,3,78.9
15827,73,12,212.65000000000003
15829,99,2,9.6
15830,37,1,9.36
15831,58,3,43.26
15832,254,1,12.5
15834,70,4,154.85
15835,44,4,111.3
15836,50,1,9.95
15837,64,1,16.6
15838,11,18,3214.1599999999994
15839,33,3,44.160000000000004
15840,58,2,13.799999999999999
15841,72,4,237.68
15843,303,1,14.850000000000001
15844,46,1,20.28
15845,17,8,225.6
15847,38,2,26.200000000000003
15850,19,2,5.21
15852,186,2,70.25
15853,51,1,2.08
15854,4,12,862.5500000000002
15855,136,5,40.15
15856,4,27,992.6599999999999
15857,18,1,15.0
15858,15,4,32.17
15860,40,7,45.68
15861,12,8,227.26999999999998
15862,8,3,34.25
15863,25,2,5.0
15864,22,6,867.96
15865,40,3,139.8
15866,101,1,16.95
15867,5,14,153.84000000000003
15869,277,2,18.0
15870,32,1,3.75
15872,14,2,10.35
15874,63,7,505.74999999999994
15877,1,2,6.65
15881,312,5,58.550000000000004
15882,198,2,15.799999999999999
15883,2,2,21.330000000000002
15885,92,3,49.8
15886,60,1,5.1
15888,80,1,22.5
15889,156,1,15.9
15891,226,1,2.55
15894,253,1,7.56
15895,149,1,137.16
15897,194,2,12.7
15898,1,3,305.0
15900,23,1,9.36
15901,16,3,19.7
15903,9,7,527.16
15904,8,1,4.68
15906,19,7,58.699999999999996
15907,3,3,13.649999999999999
15909,173,1,19.799999999999997
15910,0,8,55.41
15912,178,2,30.42
15916,16,6,70.53
15917,247,1,10.2
15918,190,2,40.5
15919,19,1,1.17
15920,154,4,9.25
15921,172,1,10.2
15925,194,1,38.25
15930,67,1,16.5
15932,4,8,135.84
15933,21,3,42.510000000000005
15935,239,2,324.62
15937,64,1,14.850000000000001
15938,112,5,182.8
15939,89,15,946.52
15940,311,1,35.8
15942,133,1,10.08
15944,276,1,17.700000000000003
15945,365,1,167.4
15947,82,1,179.0
15948,8,2,35.1
15949,16,2,30.119999999999997
15950,31,4,72.35
15951,8,2,27.0
15952,33,4,42.85
15953,15,7,175.6
15955,24,13,306.56
15957,31,1,4.16
15958,74,1,3.95
15963,19,2,29.22
15965,17,3,30.51
15967,23,2,15.15
15969,2,3,84.4
15970,303,1,16.5
15971,17,12,2427.45
15974,39,7,120.58
15975,84,1,17.700000000000003
15976,165,2,18.15
15977,17,2,23.1
15978,77,1,20.8
15980,88,3,120.63999999999999
15981,24,8,377.79999999999995
15983,22,3,13.85
15984,2,9,170.23999999999998
15985,123,2,36.9
15986,30,1,13.52
15987,12,6,495.09999999999997
15988,19,1,19.95
15990,44,2,67.5
15992,3,1,14.95
15993,8,7,78.4
15994,54,1,15.0
15996,88,5,39.19
15998,36,5,64.0
16000,2,3,5238.9
16003,29,5,177.10000000000002
16005,12,4,13.55
16006,211,1,23.099999999999998
16007,47,4,31.349999999999998
16008,23,3,38.45
16009,22,4,102.14
16010,245,3,12.74
16011,8,15,349.21
16012,35,3,49.760000000000005
16013,3,45,17163.280000000002
16014,37,3,27.25
16015,3,3,95.03
16016,3,7,57.31
16017,47,1,9.899999999999999
16018,39,2,34.349999999999994
16019,46,9,433.96999999999997
16020,16,3,135.9
16022,260,1,7.95
16023,46,3,15.549999999999999
16024,12,1,4.95
16025,29,1,14.940000000000001
16026,43,1,6.25
16027,91,6,487.27
16029,38,60,23413.87999999999
16030,309,1,9.75
16031,92,2,20.45
16033,5,19,303.75000000000006
16034,196,3,89.0
16036,87,2,90.84
16037,269,3,55.199999999999996
16038,7,3,73.80000000000001
16040,65,3,65.4
16041,30,3,1580.0
16042,22,5,85.4
16043,37,4,124.50000000000001
16045,119,4,68.4
16049,40,3,2.0100000000000002
16050,173,1,24.900000000000002
16052,54,1,4.95
16053,32,2,35.8
16054,145,1,7.95
16055,220,1,12.75
16056,45,1,9.95
16057,16,7,140.10000000000002
16059,65,5,53.550000000000004
16062,9,4,50.019999999999996
16063,260,1,17.4
16065,365,1,0.85
16066,16,5,73.48
16070,22,2,102.16
16071,44,1,19.799999999999997
16072,288,1,44.550000000000004
16073,297,1,122.39999999999999
16076,3,10,219.93
16078,283,1,79.2
16079,16,3,595.9200000000001
16080,81,2,66.80000000000001
16081,56,4,58.15
16083,100,2,63.2
16084,299,1,0.85
16085,23,5,40.47
16086,59,4,82.84
16091,154,2,40.6
16092,114,3,44.98
16093,106,1,17.0
16094,11,4,84.0
16096,264,1,10.08
16097,240,1,30.0
16098,87,6,334.3500000000001
16099,50,3,65.8
16101,70,1,15.0
16102,42,3,128.8
16103,7,6,157.3
16104,61,1,17.85
16105,248,1,15.6
16106,65,1,19.799999999999997
16107,17,7,636.0
16108,84,1,24.96
16109,218,2,126.96
16110,45,3,18.95
16112,143,4,58.72
16113,183,1,15.12
16114,170,1,17.700000000000003
16115,9,8,49.760000000000005
16116,211,1,13.52
16117,189,1,7.8
16119,8,2,27.78
16120,59,4,184.3
16121,57,2,7.15
16122,73,3,152.16000000000003
16123,51,1,15.0
16124,317,1,33.9
16126,29,4,227.4
16127,39,1,19.5
16128,17,5,123.58
16131,51,6,167.24
16133,3,33,1594.7299999999998
16134,21,2,25.5
16135,262,1,175.2
16136,59,3,85.88
16139,18,3,50.519999999999996
16140,65,1,103.67999999999999
16141,88,1,17.85
16142,249,1,19.8
16143,3,5,86.6
16144,246,1,175.2
16145,8,11,226.05
16146,157,3,247.8
16147,133,1,16.5
16148,296,1,76.32000000000001
16149,4,2,29.52
16150,42,4,86.1
16152,268,1,81.6
16153,49,5,75.0
16156,8,9,159.52
16157,15,3,103.95000000000002
16159,281,1,15.0
16160,65,2,126.6
16161,1,18,229.95
16162,252,1,25.5
16163,232,2,619.0
16164,17,3,48.08
16168,10,26,1407.8600000000001
16169,8,4,79.11999999999999
16170,50,6,126.38
16171,59,1,23.4
16172,95,5,105.60000000000001
16173,15,6,108.10000000000001
16174,126,3,439.8
16175,94,4,55.470000000000006
16177,50,1,23.4
16178,138,1,17.4
16179,60,1,5.04
16180,100,8,374.75
16181,73,1,11.9
16182,72,4,862.0
16183,67,1,34.68
16184,64,6,122.30000000000001
16185,16,2,47.25
16186,22,11,182.22000000000003
16187,31,15,468.6600000000001
16188,44,4,52.09
16189,15,2,34.8
16190,40,1,27.04
16191,2,13,846.3399999999999
16193,236,1,25.200000000000003
16198,75,1,20.28
16200,4,2,35.15
16201,3,4,75.91999999999999
16202,360,1,14.850000000000001
16203,58,3,47.7
16204,23,1,8.32
16205,30,4,106.55
16206,54,4,75.73
16207,25,1,50.0
16208,44,2,5.52
16209,88,5,1422.72
16210,1,16,3396.96
16211,88,1,29.849999999999998
16212,19,2,31.5
16213,78,1,11.7
16214,170,3,157.20000000000002
16215,80,1,15.0
16216,267,1,16.8
16217,235,2,40.050000000000004
16218,29,6,357.3
16221,36,2,25.8
16222,318,1,4.2
16224,57,4,65.1
16225,44,5,96.66000000000001
16226,203,3,62.7
16227,225,1,17.700000000000003
16229,87,2,80.2
16230,189,2,26.46
16232,43,4,109.94999999999999
16233,71,2,47.88000000000001
16235,40,5,88.64
16236,78,1,15.9
16239,56,2,50.1
16240,24,2,310.8
16241,9,12,96.2
16242,8,7,114.72999999999999
16243,33,2,92.5
16244,211,1,17.0
16245,23,3,33.9
16247,170,1,4.95
16248,61,1,25.200000000000003
16249,52,5,111.7
16250,261,1,8.5
16253,66,2,99.6
16255,16,8,84.64999999999999
16256,266,1,102.0
16257,176,1,21.95
16258,45,5,408.86
16260,50,1,70.8
16261,17,4,14.530000000000001
16265,9,9,318.43000000000006
16266,73,7,74.50000000000001
16268,71,2,33.9
16270,353,1,30.0
16271,2,5,66.77000000000001
16272,116,1,20.8
16275,196,1,12.75
16276,176,1,532.8000000000001
16278,100,1,220.0
16279,21,3,42.75
16281,72,1,50.0
16282,339,1,34.0
16283,5,5,68.97
16284,31,2,2.73
16287,169,1,15.600000000000001
16292,121,1,30.0
16293,21,9,134.17000000000002
16295,9,4,63.900000000000006
16297,268,1,14.850000000000001
16298,22,3,128.10000000000002
16302,126,1,19.919999999999998
16303,25,3,139.4
16305,138,1,19.799999999999997
16306,213,5,52.92
16308,37,4,2560.0
16309,106,2,20.04
16311,17,2,38.72
16313,3,2,26.28
16315,330,1,17.88
16316,64,8,123.16
16317,119,3,55.5
16318,35,1,19.799999999999997
16319,217,1,142.8
16322,1,2,17.5
16323,196,1,207.50000000000003
16324,128,3,17.4
16325,46,3,103.5
16326,5,14,136.8
16327,14,5,64.2
16330,17,3,5.21
16332,28,7,42.33
16333,7,22,14418.960000000003
16337,36,1,19.8
16338,157,1,11.9
16339,284,1,1.45
16340,107,1,0.65
16341,24,4,98.7
16342,75,4,82.56
16343,16,2,19.95
16344,158,1,35.7
16345,44,1,100.0
16347,11,2,15.899999999999999
16348,32,7,64.63
16349,290,1,4.25
16350,21,4,87.95
16351,332,1,19.5
16352,17,2,30.6
16353,3,22,3678.0000000000005
16354,63,2,41.6
16356,197,3,34.1
16357,33,3,93.00000000000001
16358,1,4,87.60000000000001
16359,7,9,640.61
16360,4,6,14.65
16361,9,4,34.54
16362,32,5,45.400000000000006
16363,53,1,35.400000000000006
16364,11,2,14.849999999999998
16365,17,8,367.9
16366,18,1,30.0
16367,37,2,18.7
16368,2,2,17.44
16369,18,3,52.900000000000006
16370,82,4,59.3
16372,33,2,12.15
16374,66,2,4.18
16376,8,2,12.05
16377,267,1,180.0
16378,247,3,45.15
16379,4,4,139.96
16380,61,1,100.0
16383,74,2,20.4
16384,89,2,34.7
16385,60,2,6.68
16386,28,2,10.85
16387,322,1,15.0
16389,53,4,167.4
16392,269,1,5.0
16393,2,12,93.0
16394,56,5,218.87
16395,60,5,33.00000000000001
16398,154,2,83.4
16399,19,2,13.65
16400,94,1,15.0
16401,1,12,469.21
16402,264,1,15.8
16403,312,1,16.5
16404,70,1,15.600000000000001
16405,302,2,68.65
16406,18,1,2.55
16407,12,10,137.60000000000002
16409,36,5,62.9
16411,19,1,4.35
16412,53,1,16.6
16413,56,1,5.9
16414,21,2,31.8
16415,44,1,2.1
16416,26,3,158.57999999999998
16418,44,3,23.35
16419,112,6,150.53
16422,17,50,4764.419999999999
16423,24,1,5.04
16424,191,1,15.9
16425,302,1,31.8
16426,2,10,160.75
16427,263,2,20.639999999999997
16429,106,1,4.95
16430,57,1,25.0
16431,213,3,16.13
16432,64,1,30.599999999999998
16433,28,1,6.76
16434,29,7,110.03
16438,5,5,57.400000000000006
16440,7,5,61.34
16441,67,2,27.1
16442,1,3,8.910000000000002
16444,46,4,23.1
16445,33,1,1.25
16446,0,2,168471.25
16447,135,1,19.9
16448,198,1,10.5
16449,197,2,50.16
16450,149,1,40.56
16451,87,1,6.72
16454,44,2,6.9
16455,63,5,89.7
16456,99,4,57.550000000000004
16457,218,1,35.7
16458,2,18,350.1800000000001
16460,28,3,24.83
16461,177,1,9.95
16462,73,3,136.0
16463,21,4,67.48
16464,19,3,15.200000000000001
16466,33,7,67.18
16468,74,1,62.400000000000006
16469,23,4,4.28
16470,51,4,8.47
16471,274,1,15.8
16473,164,3,47.0
16474,7,7,78.92000000000002
16475,88,4,159.3
16477,63,6,121.55000000000001
16478,25,3,77.7
16479,10,2,40.6
16480,75,1,10.5
16482,15,1,6.959999999999999
16483,192,1,14.95
16484,173,2,26.7
16485,77,1,7.5
16488,33,3,107.95
16491,46,1,20.28
16493,79,4,67.92
16494,296,1,40.56
16495,3,3,11.549999999999999
16496,8,3,51.870000000000005
16497,49,6,149.67000000000002
16498,161,2,14.1
16499,360,2,42.5
16500,4,6,282.65999999999997
16503,106,4,83.30000000000001
16504,25,1,1.56
16505,31,1,358.56000000000006
16506,19,2,70.5
16509,296,1,76.5
16511,21,3,7.35
16513,4,4,241.2
16515,52,5,61.449999999999996
16516,30,1,17.4
16517,277,1,14.75
16518,61,2,20.7
16519,25,2,17.4
16520,186,3,20.25
16523,1,21,660.4699999999999
16525,2,25,2216.4000000000005
16526,171,1,13.52
16527,81,1,8.25
16528,3,1,9.48
16529,190,1,5.95
16531,22,7,142.08
16532,17,3,4516.8
16533,19,3,21.45
16535,5,1,15.0
16536,110,1,8.32
16539,2,3,205.8
16542,53,1,53.1
16545,164,1,25.200000000000003
16546,290,1,10.2
16549,10,10,30.28
16550,108,4,58.05
16551,95,3,53.64
16552,242,1,17.700000000000003
16553,163,12,1075.8600000000001
16554,42,3,22.449999999999996
16555,35,2,36.8
16556,66,7,96.48
16557,24,2,42.5
16558,0,19,386.1000000000001
16560,26,2,29.85
16561,5,2,35.1
16563,53,1,15.0
16565,364,1,17.85
16566,15,5,299.05999999999995
16567,194,2,32.85
16569,3,1,45.0
16570,15,10,251.06
16571,26,3,64.5
16572,127,3,38.25
16573,84,2,39.0
16574,71,1,15.0
16581,182,1,10.2
16582,113,1,162.72
16584,80,2,120.8
16586,248,1,18.0
16587,232,1,15.0
16589,71,3,43.85000000000001
16591,68,1,3.4
16592,4,16,268.28
16593,50,3,81.19999999999999
16594,75,1,1.25
16595,61,1,10.5
16596,15,1,25.200000000000003
16597,4,1,20.52
16598,285,1,9.899999999999999
16600,4,6,88.9
16601,40,1,17.4
16602,36,1,10.2
16603,74,2,19.6
16607,17,14,570.53
16609,15,7,143.86
16610,219,1,17.700000000000003
16611,186,1,5.04
16612,32,4,59.06
16613,70,1,16.6
16614,182,1,15.600000000000001
16616,15,2,25.08
16617,235,1,53.1
16618,31,5,113.61000000000001
16619,263,1,11.399999999999999
16620,3,2,40.3
16621,51,4,78.1
16623,245,1,8.850000000000001
16624,80,2,21.15
16625,274,1,8.5
16626,0,17,856.4699999999999
16627,79,1,18.72
16628,29,5,190.39999999999998
16629,73,2,7.56
16633,17,6,161.14999999999998
16634,222,1,53.1
16637,32,4,73.98
16638,22,9,179.56
16639,31,3,60.5
16641,105,1,17.700000000000003
16642,4,2,81.4
16643,245,1,27.0
16644,177,2,24.14
16647,169,2,22.439999999999998
16648,42,1,15.0
16650,71,1,5.04
16652,58,7,415.9800000000001
16653,16,2,76.80000000000001
16654,141,3,75.10000000000001
16655,17,6,395.92
16656,22,15,1720.0199999999995
16657,9,4,40.59
16659,189,1,20.4
16660,16,4,593.36
16665,362,1,25.5
16666,19,1,1.9500000000000002
16667,68,2,29.1
16668,15,6,79.98
16669,23,3,49.15
16670,16,11,168.92000000000002
16671,28,3,1050.39
16672,2,20,1440.48
16674,54,2,9.7
16676,33,4,58.58
16678,2,12,267.35999999999996
16680,43,1,16.5
16681,72,6,417.96000000000004
16682,4,5,230.35999999999999
16684,4,28,7700.08
16685,61,2,10.75
16686,47,7,54.800000000000004
16688,1,4,68.84
16689,75,2,85.84
16690,72,2,67.19999999999999
16692,256,2,158.5
16693,68,2,31.3
16696,135,4,301.5
16697,241,1,0.95
16698,226,2,1020.0
16700,8,12,266.53000000000003
16701,8,13,785.7399999999999
16705,0,20,1377.62
16706,37,3,33.3
16708,45,1,19.8
16709,84,5,175.20000000000002
16710,19,9,94.08
16711,3,5,617.52
16712,9,11,379.94000000000005
16713,18,14,343.28
16714,218,3,27.5
16715,78,1,6.959999999999999
16716,266,2,901.2
16717,23,5,166.22
16719,14,6,61.7
16720,26,1,2.25
16721,262,1,2.6
16722,17,11,259.69000000000005
16723,91,2,177.75
16725,302,6,28.5
16726,26,5,90.6
16727,364,1,16.5
16728,46,4,64.86999999999999
16729,38,21,288.97
16730,52,3,35.769999999999996
16732,31,1,64.19999999999999
16734,52,3,19.6
16735,78,5,96.07000000000001
16737,53,1,417.59999999999997
16738,297,1,3.75
16739,176,1,19.799999999999997
16742,46,1,464.9
16743,29,7,70.08
16744,11,7,15.599999999999998
16745,86,17,557.03
16746,4,18,307.01
16747,37,2,38.04
16748,17,5,136.1
16750,44,5,26.09
16751,30,1,918.0
16753,58,1,0.75
16755,114,3,36.9
16756,214,1,15.0
16757,318,1,5.04
16758,65,1,16.4
16759,7,3,52.0
16761,96,1,46.800000000000004
16762,19,3,94.95000000000002
16763,198,1,89.69999999999999
16764,3,13,50.24
16765,294,1,34.0
16766,273,2,54.900000000000006
16767,30,11,413.43
16768,47,3,41.65
16769,260,1,5.9
16770,57,4,37.949999999999996
16771,33,5,46.51
16773,57,1,23.400000000000002
16774,67,4,49.449999999999996
16775,10,10,81.95
16776,60,1,6.5
16777,80,2,14.11
16778,74,2,23.28
16779,2,21,1171.33
16780,100,2,26.25
16782,10,13,213.3
16784,19,1,30.0
16788,123,2,2.44
16789,8,1,19.799999999999997
16790,3,6,119.15
16791,29,7,36.97
16792,282,2,13.7
16793,57,1,10.2
16794,1,10,55.400000000000006
16795,365,1,16.15
16796,89,1,6.64
16800,11,1,4.95
16801,163,4,68.35
16803,65,1,10.0
16804,23,3,9.66
16805,173,2,12.95
16806,103,4,46.739999999999995
16807,142,3,49.980000000000004
16808,99,2,74.25
16809,23,5,32.84
16810,192,1,20.8
16811,4,2,47.85
16812,360,1,87.6
16813,8,10,70.07
16814,14,20,507.59999999999997
16816,103,4,69.33000000000001
16817,2,8,159.8
16818,10,11,184.74999999999997
16820,95,1,23.4
16823,227,1,8.25
16824,15,2,40.35
16825,38,2,89.28
16826,51,1,17.4
16828,93,2,27.6
16829,156,1,12.600000000000001
16830,38,1,20.28
16832,184,3,99.35
16833,1,4,66.6
16834,227,1,30.0
16835,128,1,15.9
16836,39,2,91.26
16837,31,11,524.6800000000001
16838,197,2,23.479999999999997
16839,8,33,3575.24
16841,36,6,91.41999999999999
16842,100,3,36.7
16843,42,16,430.78000000000003
16846,50,1,24.96
16847,43,1,15.0
16848,52,1,34.68
16849,186,1,17.700000000000003
16850,333,1,19.799999999999997
16851,4,3,25.619999999999997
16852,10,2,23.6
16855,23,2,34.8
16856,14,1,17.700000000000003
16859,144,2,25.08
16861,59,2,55.56
16863,31,1,10.5
16866,140,3,119.85
16869,22,4,16.57
16871,22,6,198.8
16872,77,3,285.27
16873,4,6,121.46000000000001
16875,67,5,86.92000000000002
16877,12,6,58.19000000000001
16878,84,1,9.5
16880,30,7,44.66
16881,66,1,432.0
16882,66,3,38.2
16883,187,1,7.95
16884,37,2,37.7
16885,15,3,28.48
16887,35,1,6.75
16889,194,3,31.560000000000002
16891,1,4,36.44
16892,1,5,54.35
16895,64,1,5.0
16897,299,2,13.15
16898,26,2,4.63
16899,7,6,63.6
16900,16,3,46.59
16902,116,1,37.5
16903,29,1,8.25
16904,4,14,218.04999999999998
16905,5,6,88.65
16906,81,4,35.0
16907,29,5,28.409999999999997
16909,72,1,77.75999999999999
16910,4,8,26.46
16912,28,11,295.04
16913,290,1,39.15
16914,36,1,9.95
16915,9,6,74.85
16916,23,1,3.3
16917,276,1,122.39999999999999
16918,49,6,78.9
16919,156,10,200.4
16921,61,1,1.68
16923,12,19,453.8
16924,21,3,3.86
16927,115,3,285.6
16928,80,16,201.49
16929,3,7,126.77999999999999
16930,26,3,15.100000000000001
16931,5,20,86.49
16932,53,1,8.25
16933,1,2,67.92
16934,54,2,32.150000000000006
16936,25,1,9.899999999999999
16938,8,4,44.85
16940,52,3,30.45
16942,12,9,68.66000000000001
16943,211,3,125.8
16945,21,19,313.21000000000004
16947,235,1,27.04
16948,138,3,75.0
16949,3,6,153.42000000000002
16950,56,2,132.0
16951,134,3,45.2
16952,109,2,12.19
16953,30,1,20.8
16954,0,9,750.7500000000001
16955,184,2,46.35
16956,17,1,17.85
16957,239,2,102.6
16959,87,1,12.75
16960,38,3,4.880000000000001
16961,116,1,20.0
16963,187,1,15.0
16965,226,1,9.120000000000001
16966,8,7,434.4099999999999
16967,189,1,15.0
16968,4,2,30.450000000000003
16969,39,3,79.32000000000001
16971,38,1,125.0
16976,267,1,76.32000000000001
16978,77,1,8.5
16979,3,6,115.02
16980,255,2,19.349999999999998
16982,60,1,17.0
16983,12,6,72.18
16984,88,2,8.850000000000001
16985,17,10,484.84000000000003
16986,29,2,1810.8
16987,3,7,64.22
16988,5,1,19.799999999999997
16989,7,6,405.54999999999995
16990,218,1,179.0
16992,10,5,106.64999999999999
16996,30,6,271.94000000000005
16997,288,3,156.0
16998,149,4,295.0
16999,23,2,29.75
17001,0,11,229.90000000000003
17002,85,3,135.2
17004,46,2,42.05
17006,4,4,91.28
17007,50,6,92.92
17010,18,1,10.2
17011,30,1,19.8
17014,8,3,80.45
17015,28,3,43.5
17017,2,17,823.4
17018,40,2,92.7
17019,11,3,14.700000000000001
17022,31,1,20.8
17024,45,3,95.85
17025,60,1,30.0
17026,185,1,121.67999999999999
17027,78,6,38.7
17029,110,2,716.0
17030,63,1,2.9
17031,11,2,83.2
17033,86,3,221.75999999999996
17034,16,3,25.08
17035,245,2,53.11999999999999
17037,87,1,25.5
17038,30,1,5.95
17040,137,1,175.2
17041,26,3,36.6
17042,2,5,88.8
17043,32,4,148.20000000000002
17044,25,1,101.76
17045,113,3,56.46
17046,157,1,30.0
17047,85,3,55.26
17048,117,3,75.35
17049,2,9,259.33000000000004
17050,96,6,71.4
17051,194,1,2.5
17052,28,1,11.8
17053,130,1,35.400000000000006
17054,28,5,89.22999999999999
17058,81,3,58.400000000000006
17059,29,4,51.59
17060,266,1,17.700000000000003
17061,73,11,710.98
17062,313,3,14.260000000000002
17063,21,7,174.6
17064,58,3,104.8
17068,12,20,459.75000000000006
17069,28,8,126.92000000000002
17070,114,1,3.95
17071,28,9,247.0
17073,17,4,23.02
17075,17,4,21.419999999999998
17076,36,3,93.9
17078,36,2,69.0
17079,78,1,59.400000000000006
17080,22,2,142.32
17081,25,2,6.37
17082,33,2,46.160000000000004
17083,109,3,93.4
17084,35,2,38.4
17085,123,5,38.81
17086,7,6,214.89999999999998
17088,28,4,77.22
17090,4,7,545.77
17091,2,8,116.39
17092,50,4,48.230000000000004
17094,322,1,8.5
17095,22,3,36.91
17096,15,4,81.44
17100,18,2,29.85
17101,10,4,256.0
17102,261,1,25.5
17105,159,2,14.3
17107,33,6,545.1
17109,29,6,38.5
17110,165,1,16.5
17111,47,1,15.0
17114,5,8,72.35000000000001
17115,8,3,60.599999999999994
17117,288,1,17.0
17118,317,1,16.5
17119,3,2,29.3
17120,233,1,16.5
17122,119,1,19.799999999999997
17123,161,1,25.200000000000003
17124,185,1,15.9
17125,50,1,15.0
17126,152,5,13.959999999999999
17128,334,1,5.9
17131,5,5,86.8
17133,15,7,1174.6999999999998
17134,106,2,35.45
17135,16,6,254.89999999999998
17138,275,1,17.9
17139,15,12,355.71999999999997
17140,247,1,7.5
17142,239,1,35.849999999999994
17144,1,2,30.6
17146,105,3,202.55
17147,22,4,78.72
17148,51,1,8.5
17152,194,3,195.55
17153,24,1,17.85
17154,75,1,24.96
17155,17,2,74.0
17157,7,2,37.199999999999996
17158,32,3,72.75
17159,21,3,80.25
17160,31,6,92.96000000000001
17162,28,10,132.5
17163,21,2,131.7
17164,32,7,128.46
17165,284,1,19.9
17166,38,2,37.35
17169,57,2,33.9
17171,289,1,5.04
17172,78,1,13.919999999999998
17173,5,8,520.8000000000001
17174,217,1,19.5
17175,44,4,137.65
17176,201,1,10.2
17179,178,3,18.520000000000003
17180,56,4,10.979999999999999
17181,57,1,1.65
17183,7,6,432.03
17186,46,2,144.0
17187,226,1,30.599999999999998
17188,11,7,265.72
17189,106,2,6.6899999999999995
17190,58,2,205.4
17191,28,4,61.75
17193,35,7,421.05999999999995
17194,273,2,11.65
17197,29,1,30.0
17198,23,2,6.460000000000001
17201,53,1,0.65
17203,35,6,112.66000000000001
17204,175,4,149.45999999999998
17205,53,1,15.12
17206,53,1,34.68
17211,26,7,114.55
17212,253,1,3.95
17213,40,6,131.22000000000003
17214,60,6,131.6
17217,234,1,11.8
17218,4,9,38.64000000000001
17219,31,1,5.0
17220,24,14,142.38
17221,7,2,10.8
17222,65,1,7.5
17223,310,1,25.5
17226,308,1,3.3600000000000003
17227,18,5,43.29
17228,15,6,62.919999999999995
17229,96,2,4.15
17230,264,8,258.9
17231,12,10,65.20000000000002
17232,2,2,39.3
17233,35,1,23.4
17234,182,1,4.95
17235,25,1,6.75
17236,12,6,80.85
17237,11,2,7.93
17238,2,15,79.59
17239,312,1,6.6000000000000005
17242,108,2,99.60000000000001
17243,1,25,559.8
17244,53,1,51.0
17245,204,1,15.299999999999999
17247,15,1,2.08
17248,120,1,4.95
17250,3,2,24.299999999999997
17251,362,1,4.25
17252,116,2,13.35
17253,18,1,14.56
17254,4,2,1.34
17255,40,2,9.64
17256,107,2,140.4
17259,148,1,2.08
17262,52,4,650.5500000000001
17263,208,1,0.95
17265,138,2,7.88
17266,2,3,8.2
17267,127,2,26.4
17268,107,4,449.12
17272,42,4,86.39999999999999
17274,35,1,0.83
17277,227,2,25.799999999999997
17278,241,1,25.5
17279,57,1,51.0
17282,130,3,460.02000000000004
17284,60,6,32.61
17286,21,1,8.5
17287,26,5,46.230000000000004
17288,9,7,158.73
17289,31,3,18.759999999999998
17290,3,2,7.36
17291,308,1,550.8000000000001
17293,8,9,211.72999999999996
17295,28,3,41.400000000000006
17297,17,1,9.95
17298,101,2,37.83
17299,11,4,68.03999999999999
17301,21,1,4.15
17302,14,5,47.7
17303,361,1,1.45
17306,10,19,2607.83
17309,95,1,4.949999999999999
17311,78,2,49.9
17312,138,3,267.75
17313,31,1,90.0
17314,24,8,172.80000000000004
17315,1,38,1069.9899999999998
17317,46,3,691.92
17320,100,2,43.75
17321,8,2,45.4
17323,15,7,25.109999999999996
17324,17,3,35.5
17325,280,1,11.7
17329,14,2,13.850000000000001
17330,22,2,158.4
17331,123,1,175.2
17333,85,1,39.599999999999994
17334,302,2,50.099999999999994
17337,151,4,34.92
17338,17,8,90.9
17339,94,2,97.80000000000001
17340,29,10,288.12
17341,156,2,24.46
17343,355,1,35.7
17344,46,1,5.95
17345,15,4,48.63
17346,3,14,62.96000000000001
17347,86,1,228.96
17348,14,5,52.37
17349,179,1,12.75
17350,8,4,55.14
17351,36,3,53.550000000000004
17353,129,2,435.0
17354,50,1,14.25
17356,311,1,28.049999999999997
17357,24,2,75.26
17358,303,2,17.1
17359,11,1,1.25
17360,17,3,16.28
17361,49,3,49.17
17362,239,2,12.2
17364,0,11,231.95999999999998
17365,12,8,62.5
17367,238,1,17.4
17368,23,8,382.30999999999995
17370,72,4,69.96
17371,17,3,4.22
17372,40,8,67.25
17373,40,4,75.38
17374,218,2,30.9
17375,199,3,13.5
17376,70,2,12.399999999999999
17377,23,19,142.66
17379,11,1,2.08
17381,8,26,4113.84
17382,65,1,50.400000000000006
17383,4,1,2.95
17384,19,2,17.85
17385,14,1,15.0
17386,7,6,439.86000000000007
17387,19,2,50.400000000000006
17388,77,4,777.2
17389,0,34,4981.640000000001
17391,163,2,305.28000000000003
17392,306,2,3.5999999999999996
17394,219,1,9.95
17396,39,7,1762.4
17397,22,2,13.850000000000001
17398,114,3,72.3
17400,126,5,40.67
17402,4,11,763.22
17403,36,1,15.0
17405,1,3,27.42
17406,333,2,267.7
17408,163,1,12.75
17409,184,2,77.65
17410,16,5,86.7
17411,12,3,47.42
17412,2,6,113.26
17414,43,2,194.4
17415,79,1,170.0
17416,29,7,488.49000000000007
17418,42,2,28.160000000000004
17419,11,10,197.51999999999998
17420,50,2,40.7
17422,16,6,130.16
17423,46,2,40.1
17425,19,2,87.2
17426,8,6,130.2
17427,71,1,30.0
17428,0,27,2010.3400000000001
17429,128,3,33.519999999999996
17430,32,2,25.8
17431,313,1,5.8500000000000005
17432,18,2,9.65
17433,88,1,0.85
17434,2,7,175.72000000000003
17436,1,2,63.3
17438,253,1,25.5
17440,156,3,140.22
17442,36,6,112.2
17446,176,2,26.400000000000002
17447,40,2,40.26
17449,2,7,65.86
17450,8,44,25953.51
17451,1,7,112.15
17453,17,2,18.599999999999998
17454,192,4,69.8
17455,203,1,16.5
17456,365,1,10.2
17457,126,5,826.5999999999999
17458,15,1,12.450000000000001
17459,43,2,8.73
17460,94,4,68.4
17461,22,3,34.099999999999994
17462,60,2,98.36
17463,16,5,64.95
17464,158,1,71.4
17466,10,2,30.450000000000003
17468,10,2,47.0
17469,16,5,114.39999999999999
17470,44,4,73.62
17472,191,3,23.82
17475,79,1,26.099999999999998
17480,77,1,35.400000000000006
17481,3,4,59.400000000000006
17483,65,3,58.5
17486,261,1,17.0
17489,58,2,25.2
17490,0,7,299.94
17491,1,9,381.75
17492,248,1,10.2
17495,7,2,50.28
17496,358,1,9.0
17498,75,1,15.0
17499,289,1,20.4
17500,17,3,1105.0
17501,220,2,25.950000000000003
17502,9,4,108.30000000000001
17503,2,2,59.96
17504,206,9,289.28
17505,161,2,49.65
17506,75,1,25.0
17507,261,2,15.149999999999999
17509,57,8,134.19
17510,24,1,22.5
17511,2,29,3480.01
17512,28,10,589.5200000000001
17513,72,1,70.8
17514,128,1,2.95
17515,31,4,43.2
17516,15,5,28.75
17517,308,1,11.7
17519,17,5,106.10000000000001
17520,53,1,15.0
17521,29,3,35.16
17522,1,5,119.29999999999998
17523,11,4,150.95999999999998
17524,361,1,8.25
17525,359,1,102.0
17526,4,4,203.20000000000002
17527,53,4,103.56
17528,1,8,115.24
17530,1,10,144.17000000000002
17531,190,1,15.9
17534,53,1,24.96
17535,280,1,10.2
17536,177,1,25.5
17537,29,2,24.669999999999998
17538,25,1,7.9
17540,24,2,35.550000000000004
17542,269,1,20.4
17545,43,3,16.15
17548,233,1,30.0
17549,23,2,46.8
17550,197,3,5.65
17551,359,1,17.0
17552,60,2,39.900000000000006
17553,129,1,237.60000000000002
17554,1,5,159.06
17555,19,2,9.85
17556,205,1,10.5
17557,14,3,42.75
17560,94,5,202.3
17561,19,1,6.25
17562,14,7,140.98
17564,24,3,24.0
17566,8,2,11.64
17567,7,7,212.09
17569,332,1,17.700000000000003
17571,50,4,55.1
17572,71,3,69.9
17573,29,3,29.46
17574,242,1,35.7
17576,8,19,146.8
17578,218,1,18.72
17579,4,3,63.800000000000004
17580,252,3,65.65
17581,0,23,813.61
17582,236,1,1.7399999999999998
17584,7,2,54.6
17585,109,4,17.290000000000003
17588,100,3,289.02
17589,60,4,34.45
17590,2,3,25.459999999999997
17591,73,6,147.35
17593,3,5,108.53
17594,85,2,67.0
17595,12,2,7.0600000000000005
17596,23,6,65.32
17597,213,1,19.799999999999997
17600,17,1,16.65
17601,239,1,30.0
17602,2,6,46.8
17603,78,1,9.899999999999999
17604,217,2,5.46
17608,33,2,11.7
17609,40,5,64.41
17611,7,15,182.81000000000003
17612,53,6,65.1
17613,22,14,457.7500000000001
17614,57,1,3.75
17615,130,3,44.3
17616,173,2,244.79999999999998
17618,5,3,115.0
17619,312,1,0.85
17620,59,1,20.4
17621,21,3,214.07999999999998
17623,32,1,15.0
17624,14,2,50.8
17625,18,4,16.45
17628,81,1,16.35
17629,5,8,131.34
17630,169,2,43.199999999999996
17631,1,3,47.13000000000001
17633,31,4,111.51
17634,36,9,104.35000000000001
17636,19,1,15.0
17637,31,2,35.7
17639,276,1,19.9
17640,86,1,107.28
17642,119,2,20.94
17644,1,11,256.01
17646,219,3,62.7
17647,65,1,22.5
17648,60,4,95.1
17649,138,1,15.0
17650,21,1,30.0
17651,11,10,230.92000000000002
17652,25,12,286.47
17653,36,4,143.1
17654,277,1,7.5
17655,10,6,174.15
17656,73,5,111.66
17658,25,2,63.96
17659,17,11,201.13
17660,141,1,3.75
17663,25,7,132.94
17664,18,2,21.1
17666,3,2,39.0
17667,66,5,100.02000000000001
17668,1,2,45.599999999999994
17669,42,7,392.3
17670,227,1,31.8
17671,15,4,118.6
17672,50,2,136.8
17673,1,6,108.30000000000001
17674,74,1,5.04
17675,1,30,1022.4599999999999
17676,4,5,89.0
17677,1,26,1558.75
17678,263,1,17.4
17679,52,2,120.96000000000001
17680,23,1,33.0
17682,10,5,133.06
17684,43,1,4.5600000000000005
17685,16,6,291.6
17686,7,7,117.36
17690,30,12,432.19000000000005
17691,358,1,16.8
17692,127,4,90.17999999999999
17693,137,1,15.0
17694,141,1,30.0
17695,131,2,36.6
17696,38,8,175.68
17697,236,1,12.600000000000001
17698,260,1,17.4
17700,16,4,131.39999999999998
17701,252,1,17.0
17702,30,4,222.29999999999998
17703,35,3,53.4
17704,168,2,60.3
17705,3,9,224.1
17706,4,14,515.84
17707,185,2,66.0
17708,187,2,5.0
17709,169,1,11.9
17711,10,2,21.810000000000002
17712,44,1,14.850000000000001
17714,320,1,15.0
17715,200,1,326.4
17716,22,11,308.0
17718,232,1,20.4
17719,37,15,316.09
17720,26,3,107.72
17722,96,3,49.56
17723,127,6,3112.5000000000005
17724,71,3,68.4
17725,16,11,244.3
17727,15,1,12.600000000000001
17728,3,3,43.32
17730,3,13,612.7099999999999
17731,79,4,101.41000000000001
17733,38,2,33.8
17734,53,3,54.6
17735,2,18,433.99999999999994
17736,9,3,79.31
17737,9,2,32.19
17738,19,4,107.22
17739,11,7,667.47
17742,113,2,41.4
17744,3,6,143.88
17746,240,1,31.6
17747,112,1,71.4
17749,178,2,29.25
17750,5,9,141.38000000000002
17752,359,1,80.64
17754,0,5,216.56
17757,1,28,640.1699999999998
17758,19,8,117.7
17759,17,3,26.45
17760,21,1,3.75
17761,32,1,69.36
17763,263,1,15.0
17764,50,2,8.97
17765,158,3,27.55
17767,15,1,8.3
17768,8,3,50.04
17769,12,10,183.24
17770,198,5,132.64999999999998
17771,56,2,3.03
17772,10,2,8.7
17774,96,4,21.8
17775,254,1,15.600000000000001
17777,24,3,15.08
17779,21,3,32.71
17781,159,2,15.7
17783,72,2,7.91
17785,53,1,8.5
17786,85,2,14.700000000000001
17787,152,3,20.52
17788,73,2,283.5
17789,281,1,12.75
17790,26,14,226.45000000000002
17791,29,1,10.0
17793,25,1,2.49
17795,179,2,10.999999999999998
17796,40,3,79.0
17797,22,3,42.099999999999994
17799,22,10,121.64999999999999
17800,37,9,96.20000000000002
17802,82,2,19.049999999999997
17805,73,1,30.24
17806,11,1,4.95
17809,16,9,1469.04
17811,4,39,740.79
17812,12,3,18.73
17813,14,5,50.970000000000006
17816,36,4,12.86
17817,4,3,242.35
17819,71,6,638.8399999999999
17824,51,1,30.0
17827,5,5,40.14
17830,1,3,66.0
17831,33,1,17.700000000000003
17832,49,1,2.34
17835,2,3,9.35
17836,47,1,1.65
17837,42,8,53.37
17838,26,4,167.0
17839,42,1,2.1
17841,1,121,1234.090000000001
17843,303,1,3.4799999999999995
17846,85,1,2033.1
17848,81,9,309.52
17849,218,4,109.20000000000002
17852,11,2,10.0
17854,185,2,18.15
17856,1,4,217.10000000000002
17857,4,23,7655.179999999999
17858,5,11,575.3499999999999
17859,304,1,1.9
17861,3,8,139.60999999999999
17862,323,1,90.0
17863,59,5,167.38
17864,12,3,21.75
17865,30,20,873.0800000000003
17866,142,1,17.700000000000003
17867,30,6,943.97
17869,107,4,50.55
17870,2,11,93.23000000000002
17871,204,1,5.76
17873,80,4,359.06
17874,185,6,108.11
17877,170,1,59.400000000000006
17878,43,1,10.0
17879,173,1,1.16
17880,364,1,15.0
17881,304,1,33.2
17883,3,4,20.4
17884,3,2,13.0
17885,12,1,2.88
17886,31,3,30.599999999999998
17887,129,1,1.65
17888,21,8,157.7
17889,212,2,7.9
17890,322,2,4.65
17891,162,1,20.4
17892,56,3,111.94999999999999
17893,225,1,3.25
17894,71,7,174.89
17895,44,1,7.5
17896,23,1,103.67999999999999
17897,172,1,7.95
17898,85,2,10.8
17899,159,1,13.68
17900,190,2,32.4
17901,29,1,2.49
17904,21,1,8.25
17905,71,3,232.4
17906,247,1,2.8499999999999996
17911,9,1,25.5
17912,310,5,37.93
17913,58,2,17.4
17914,3,1,0.39
17917,45,3,4.1000000000000005
17919,88,1,70.80000000000001
17920,4,15,136.80000000000004
17921,64,4,20.32
17923,282,1,207.50000000000003
17924,11,6,929.1600000000001
17926,133,2,53.10000000000001
17928,45,2,72.65
17929,11,4,744.9
17930,35,5,394.2
17931,134,2,5.7
17932,29,3,45.2
17934,51,2,27.759999999999998
17935,138,2,23.619999999999997
17936,5,1,3.95
17937,8,7,1182.54
17939,159,1,1.9
17940,49,10,2784.52
17941,130,1,139.2
17942,7,1,1.9
17946,233,2,9.329999999999998
17947,37,1,5.04
17948,147,1,358.56000000000006
17949,1,44,28685.690000000002
17950,72,3,19.79
17951,39,2,190.20000000000002
17954,5,10,63.04
17955,198,4,197.1
17956,249,1,12.75
17957,66,1,4.98
17958,116,1,4.16
17960,171,1,1.65
17961,21,38,156.38
17962,142,1,2.95
17964,31,1,3.75
17965,37,13,150.02
17966,37,5,143.67000000000002
17969,166,2,12.5
17970,211,1,12.5
17972,241,1,6.95
17973,51,1,11.7
17974,24,3,21.07
17975,15,12,285.08000000000004
17977,29,1,16.5
17978,365,1,3.3
17979,35,4,17.37
17980,165,3,95.95
17984,145,1,12.75
17985,22,1,12.75
17986,56,1,20.8
17987,185,1,1.6800000000000002
17988,11,7,41.85
17990,236,3,75.9
17991,225,2,5.9
17994,121,4,45.3
17995,281,1,23.6
17997,74,8,73.41999999999999
17999,37,1,3.25
18001,12,2,5.5
18004,362,1,1.65
18005,3,2,4.6
18006,23,1,2.5
18008,70,9,1833.8400000000001
18009,235,1,20.25
18010,256,1,12.75
18013,155,2,13.98
18014,28,1,6.75
18015,4,1,5.46
18016,32,5,70.0
18017,81,3,523.0
18018,108,2,42.7
18019,51,1,9.9
18022,35,1,3.0
18024,152,2,57.15
18027,98,1,15.299999999999999
18030,4,2,16.799999999999997
18032,334,1,13.5
18033,65,1,4.15
18034,21,2,3.33
18035,35,3,42.839999999999996
18036,32,3,9.0
18037,154,6,31.45
18040,19,2,35.8
18041,11,19,478.03999999999996
18042,53,1,9.9
18043,24,2,13.45
18044,4,10,127.46
18045,45,1,4.25
18048,203,2,4.75
18050,359,1,15.0
18053,70,1,19.799999999999997
18055,7,8,189.66
18056,288,1,20.4
18058,9,1,81.6
18059,23,3,48.56
18061,21,9,669.4200000000001
18062,173,3,142.8
18064,133,2,383.0
18065,5,14,269.73
18066,75,1,70.80000000000001
18067,40,1,10.2
18068,289,1,101.69999999999999
18069,26,5,41.24
18071,257,2,68.4
18072,185,1,15.0
18073,114,12,1724.1
18075,23,10,242.11999999999998
18077,8,10,106.29
18078,217,2,101.7
18079,45,4,260.84000000000003
18080,18,2,1231.5
18081,36,3,59.47
18082,25,1,2.95
18084,16,1,90.47999999999999
18085,330,1,59.400000000000006
18086,274,1,10.08
18087,98,2,4055.7199999999993
18088,61,1,1.25
18092,2,11,1216.32
18093,93,4,328.92
18094,81,7,259.79999999999995
18095,312,2,62.7
18096,11,3,20.06
18097,7,6,206.88000000000002
18099,127,1,7.95
18101,11,2,5.5
18102,0,57,39646.450000000004
18104,37,1,35.7
18105,37,1,3.75
18106,329,1,15.0
18108,254,1,16.8
18109,1,25,533.08
18110,19,1,1.7
18112,12,2,30.04
18114,290,1,5.95
18116,67,8,47.94
18117,25,1,10.2
18118,10,25,333.74999999999994
18120,214,1,4.95
18121,149,2,16.25
18122,8,6,80.86
18123,24,2,14.54
18125,29,4,41.099999999999994
18126,60,1,8.3
18127,19,3,50.2
18129,243,1,2.95
18130,15,3,59.8
18133,212,1,931.4999999999999
18135,29,5,292.99
18136,63,3,60.0
18138,295,1,35.400000000000006
18139,17,6,612.0
18142,157,2,120.96
18143,116,2,36.7
18144,7,11,1227.6
18145,12,4,46.5
18146,140,2,35.400000000000006
18147,45,2,50.46
18149,50,3,167.34999999999997
18150,32,3,30.48
18151,134,2,39.9
18154,3,2,46.8
18155,75,3,43.8
18156,12,1,25.5
18158,9,2,44.400000000000006
18159,301,1,175.2
18160,57,2,33.3
18161,15,5,136.39
18164,37,1,16.5
18165,177,1,4.5600000000000005
18167,23,3,115.20000000000002
18168,176,5,59.699999999999996
18169,60,1,19.799999999999997
18170,33,3,83.08
18171,58,5,167.04999999999998
18172,14,20,1583.6799999999994
18173,86,4,439.2000000000001
18174,7,1,104.0
18176,358,1,15.299999999999999
18177,31,6,93.8
18178,128,4,59.300000000000004
18179,9,6,299.7
18180,4,6,106.04
18181,24,1,4.95
18183,227,2,29.95
18184,15,1,49.8
18185,249,1,11.7
18188,15,3,65.1
18189,77,2,31.5
18190,192,2,33.6
18191,261,1,30.599999999999998
18192,71,1,16.5
18193,165,1,19.9
18194,82,1,208.79999999999998
18196,95,2,5.0
18198,4,17,1969.8199999999997
18200,106,1,5.95
18202,199,3,71.6
18203,157,1,4.95
18204,71,3,21.25
18205,36,2,27.75
18209,28,1,17.85
18210,1,6,126.34
18211,25,5,80.0
18212,326,1,19.9
18213,236,1,15.0
18215,89,1,23.6
18216,31,1,17.0
18217,29,2,49.8
18218,211,2,160.6
18219,2,9,178.35
18220,226,1,152.64000000000001
18221,22,5,76.2
18222,92,1,40.56
18223,4,14,449.77
18224,263,1,10.2
18225,3,12,295.11
18226,44,11,231.42000000000002
18227,217,1,15.0
18228,56,2,50.28
18229,11,18,1367.5600000000002
18230,9,7,279.72
18231,192,5,80.4
18232,81,4,63.300000000000004
18233,325,1,440.0
18235,71,3,38.28
18236,29,6,139.65
18237,2,5,84.44999999999999
18239,218,4,93.30000000000001
18240,46,1,297.0
18241,9,17,368.18999999999994
18242,72,4,270.6
18245,7,7,132.85999999999999
18246,23,2,407.4
18248,122,2,48.45
18249,17,1,14.22
18250,310,1,14.850000000000001
18251,87,1,252.0
18252,50,2,21.25
18255,89,1,30.0
18257,39,8,153.42999999999998
18259,24,2,75.60000000000001
18260,172,6,150.57
18261,43,2,36.8
18262,140,1,2.88
18263,25,3,65.75999999999999
18265,72,2,42.8
18268,134,1,25.5
18270,38,2,53.0
18272,2,6,78.32000000000001
18273,2,3,204.0
18274,30,1,15.0
18276,43,1,99.0
18277,58,1,17.85
18278,73,1,17.0
18280,277,1,23.700000000000003
18281,180,1,5.04
18282,7,2,38.25
18283,3,16,66.75
18287,42,3,80.4
